there is no	193	There is no reason to suppose that she was shut up there for good conduct.	Não há razão para supor que ela foi fechada lá por boa conduta.
there was no	191	I felt that I had secured a triumph; for, from the present aspect of affairs, there was no doubt that I should be free to effect my escape from the house even before the night was over.	Senti que tinha conseguido um triunfo, pois, do aspecto atual das coisas, não havia dúvida de que eu deveria ser livre para efetuar minha fuga da casa mesmo antes da noite acabar.
i do not	190	"I do not press you," said I to him, "to make me the confidant of your secrets; but if I can be of use to you in any way, I gladly tender you my services." "Alas!" replied he, "I see not the slightest ray of hope.	"Eu não pressiono você", disse-lhe, "para me fazer o confidente de seus segredos, mas se eu posso ser útil para você de alguma forma, eu de bom grado lhe oferecer meus serviços." "Ai!" respondeu ele, "Eu não vejo o menor raio de esperança.
he had been	188	G---- M---- was not long in finding out that he had been duped.	G--- M------ não demorou muito para descobrir que ele tinha sido enganado.
he did not	184	He did not wait to be solicited for the history of his life.	Ele não esperou para ser solicitado para a história de sua vida.
would have been	183	Her old guardian having by this time joined us, my hopes would have been blighted, but that she had tact enough to make amends for my stupidity.	Seu velho guardião, tendo se juntado a nós, minhas esperanças teriam sido destruídas, mas que ela tinha tato suficiente para compensar minha estupidez.
i am not	181	You will understand, therefore, that, loving Kitty as I did, I am not saying too much when I pronounce myself to have been, at that time, the happiest man in India.	Você entenderá, portanto, que, amando Kitty como eu, não estou dizendo muito quando me pronuncio a ter sido, naquela época, o homem mais feliz da  ⁇ ndia.
he could not	179	He said he could not answer me with certainty as to all, but as for M.	Ele disse que não poderia me responder com certeza quanto a todos, mas quanto a M.
i have been	179	I have been thoughtless and volatile; and even while loving you as I have always done to distraction, I was never free from a consciousness of ingratitude.	Eu tenho sido insensível e volátil; e mesmo amando você como sempre fiz com a distração, eu nunca fui livre de uma consciência de ingratidão.
it had been	175	Love had so quickened my perception, even in the short moment it had been enthroned, that I saw in this announcement a death-blow to my hopes.	O amor acelerou minha percepção, mesmo no curto momento em que foi entronizado, que eu vi neste anúncio um golpe mortal para minhas esperanças.
one of them	174	"The momentous day having arrived, I sent one of them at an early hour to the Hospital, to ascertain the exact time when the police were to start with their prisoners.	"No dia importante que chegou, mandei um deles para o hospital, para saber a hora exata em que a polícia deveria começar com seus prisioneiros.
the same time	173	He knew that you were my son, and in order to get rid of you, he wrote to inform me of your abode, and of the life you led; saying, at the same time, that strong measures would be necessary to secure you.	Ele sabia que você era meu filho, e para se livrar de você, ele escreveu para me informar de sua morada, e da vida que você levou, dizendo, ao mesmo tempo, que medidas fortes seriam necessárias para garantir você.
if he had	171	He turned to my brother, to ask if he had not told me the whole story.	Ele se virou para o meu irmão, para perguntar se ele não tinha me contado a história toda.
at the same time	171	He knew that you were my son, and in order to get rid of you, he wrote to inform me of your abode, and of the life you led; saying, at the same time, that strong measures would be necessary to secure you.	Ele sabia que você era meu filho, e para se livrar de você, ele escreveu para me informar de sua morada, e da vida que você levou, dizendo, ao mesmo tempo, que medidas fortes seriam necessárias para garantir você.
the first time	171	We also determined that I should appear as awkward as I possibly could the first time I was admitted to the honour of an introduction.	Nós também determinamos que eu deveria parecer tão estranho quanto eu poderia na primeira vez que fui admitido para a honra de uma introdução.
must have been	171	Mad to a certain extent I must have been, for I recollect that I reined in my horse at the head of the ‘rickshaw, and politely wished Mrs.	Louco até certo ponto, devo ter sido, pois me lembro que eu reinei meu cavalo na cabeça do riquixá, e educadamente desejei a Sra.
who had been	170	He told me, that although he had never seen Manon, he had heard of her; at least, if the person I was talking of was the same who had been the mistress of old G---- M----.	Ele me disse que, embora nunca tivesse visto Manon, ele tinha ouvido falar dela; pelo menos, se a pessoa de quem eu estava falando era a mesma que tinha sido a amante do velho G--------.
he would have	170	'Silence!' said I to him, 'you shall have a louis d'or for the job': for less than that he would have helped me to burn the Hospital.	'Silêncio!' disse-lhe, 'você terá um louis d'or para o trabalho': por menos do que isso ele teria me ajudado a queimar o Hospital.
could not be	170	Being naturally rough, and not at all in the habit of treating hackney-coachmen with respect, he answered that I could not be serious.	Sendo naturalmente rude, e não tendo o hábito de tratar os treinadores de Hackney com respeito, ele respondeu que eu não poderia estar falando sério.
more than a	169	"We turned towards the town with them; but we were astonished to perceive, as we advanced, that what we had hitherto heard spoken of as a respectable town, was nothing more than a collection of miserable huts.	"Voltamos para a cidade com eles, mas ficamos surpresos ao perceber, à medida que avançamos, que o que até então tínhamos ouvido falar como uma cidade respeitável, não era nada mais do que uma coleção de cabanas miseráveis.
one of those	167	I represented it to him as one of those especial visitations of fate, which draw on the devoted victim to his ruin, and which it is as impossible for virtue itself to resist, as for human wisdom to foresee.	Eu o representei como uma daquelas visitas especiais do destino, que se baseiam na vítima devota à sua ruína, e que é tão impossível para a própria virtude resistir, quanto para a sabedoria humana prever.
had not been	167	They had not been seen in the house since eight o'clock, and had gone out, after having some cases carried before them, according to orders which they pretended to have received from me.	Eles não tinham sido vistos na casa desde as oito horas, e tinham saído, depois de ter alguns casos levados antes deles, de acordo com as ordens que eles fingiram ter recebido de mim.
might have been	164	I might have been perhaps justified in ending both by a single blow; but noble blood ever vindicates its origin.	Eu poderia ter sido justificado em acabar com ambos por um único golpe, mas sangue nobre sempre justifica sua origem.
he had not	162	He had not heard our conversation, having walked up and down the court while I was talking of love to my angelic mistress.	Ele não tinha ouvido a nossa conversa, tendo andado para cima e para baixo da quadra enquanto eu estava falando de amor para a minha amante angélica.
a long time	162	I remained for a long time ignorant of her fate.	Eu fiquei por muito tempo ignorante de seu destino.
the other side	162	‘Says she’ll die before she ever speaks to you again.” I groaned and turned over to the other side.	"Diz que ela vai morrer antes de falar com você novamente." Eu gemi e virei para o outro lado.
i should have	161	If I had at that time followed his advice, I should have always continued a discreet and happy man.	Se eu tivesse seguido o conselho dele, eu deveria ter sempre continuado um homem discreto e feliz.
would not be	161	you are about then to lose all that you love on earth!' This thought agitated me to such a degree that I actually for some moments considered whether it would not be best for me to end at once all my miseries by death.	Você está prestes a perder tudo o que ama na Terra!' Esse pensamento me agitou a tal ponto que eu, por alguns momentos, considerei se não seria melhor para mim terminar de uma vez todas as minhas misérias pela morte.
to have been	161	I was surprised at not seeing Marcel, who was to have been there waiting for me.	Fiquei surpreso por não ver Marcel, que estava lá esperando por mim.
one of these	161	The great question, or one of these, is, afterward, I know, with regard to certain matters, the question of how long they have lasted.	A grande questão, ou uma delas, é, depois, eu sei, em relação a certos assuntos, a questão de quanto tempo eles duram.
it would have	160	My unhappy fate would have most probably counteracted all my efforts; but it would have been a consolation to have had nothing else but that, and the cruelty of my enemies, to blame for my afflictions.	Meu destino infeliz provavelmente teria contrariado todos os meus esforços, mas teria sido um consolo não ter nada além disso, e a crueldade de meus inimigos, para culpar por minhas aflições.
i could not	159	She replied to me with a modesty so gentle and so charming that I could not help making, as I went out, a thousand reflections upon the incomprehensible character of women.	Ela me respondeu com uma modéstia tão gentil e tão encantadora que eu não pude deixar de fazer, como eu saí, mil reflexões sobre o caráter incompreensível das mulheres.
i have no	159	Beyond this, I have no prayer to utter.' "M.	Além disso, não tenho oração para dizer.
two or three	158	I made two or three most profound ones.	Fiz dois ou três mais profundos.
for some time	158	I hoped to be not only secure, but to continue there for some time without being pressed for payment.	Esperava estar não só seguro, mas continuar lá por algum tempo sem ser pressionado para o pagamento.
have been a	158	My unhappy fate would have most probably counteracted all my efforts; but it would have been a consolation to have had nothing else but that, and the cruelty of my enemies, to blame for my afflictions.	Meu destino infeliz provavelmente teria contrariado todos os meus esforços, mas teria sido um consolo não ter nada além disso, e a crueldade de meus inimigos, para culpar por minhas aflições.
i have not	157	It is true, I am in love; I have not deceived you: but with regard to my flight, that is a project not to be undertaken without deliberation.	É verdade, estou apaixonado, não te enganei, mas em relação à minha fuga, esse é um projeto que não deve ser realizado sem deliberação.
what do you	157	What do you purpose doing with us?' "'M.	O que pretende fazer conosco?
i did not	156	As I calculated that we could hardly have at this period more than fifteen or twenty crowns remaining, I did not conceal my surprise at this mysterious augmentation of our wealth.	Como eu calculei que dificilmente poderíamos ter neste período mais de quinze ou vinte coroas restantes, eu não escondi minha surpresa com este misterioso aumento de nossa riqueza.
would not have	156	I had such a dread of giving her annoyance, that there were no risks I would not have encountered for her sake.	Eu tinha tanto medo de lhe dar aborrecimento, que não havia riscos que eu não teria encontrado por causa dela.
but there was	155	But there was no other change in nature, unless indeed it were a change that I saw with a stranger sharpness.	Mas não houve outra mudança na natureza, a menos que fosse uma mudança que eu vi com uma nitidez estranha.
they had been	154	"My guards not having told me where it was that they had been ordered to conduct me, it was only on my arrival at St.	"Meus guardas não me disseram onde foi que eles tinham sido ordenados a me conduzir, foi só quando cheguei em St.
if i had	153	If I had at that time followed his advice, I should have always continued a discreet and happy man.	Se eu tivesse seguido o conselho dele, eu deveria ter sempre continuado um homem discreto e feliz.
but i am	153	As for me,' I added, 'I offer nothing new in offering you my hand and my heart; but I am ready to ratify it at the foot of the altar.' "This speech seemed to inspire her with joy.	Quanto a mim, não ofereço nada de novo para lhe oferecer minha mão e meu coração, mas estou pronto para ratificá-lo aos pés do altar.
he would not	153	Charlie’s face changed from the face of the bank-clerk to that of an unknown and--though he would not have believed this--a much shrewder man.	O rosto de Charlie mudou do rosto do banco para o de um desconhecido e - embora ele não tivesse acreditado nisso - um homem muito astuto.
do you think	150	Do you think tenderness possibly compatible with starvation?	Acha que a ternura é compatível com a fome?
if it were	150	In the end, he promised to go directly to the lieutenant-general of police if it were only, said he, to be beforehand with M.	No final, ele prometeu ir diretamente ao tenente-general da polícia se fosse apenas, disse ele, para estar com M.
so far as	150	On the contrary, I was ready to apply myself to some creditable and rational pursuit, so far as the occupation would be compatible with my love.	Pelo contrário, eu estava pronto para me aplicar a alguma busca credível e racional, na medida em que a ocupação seria compatível com o meu amor.
had been a	150	Are you ill?” Thus driven into a direct lie, I said that the sun had been a little too much for me.	Assim, levado a uma mentira direta, eu disse que o sol tinha sido um pouco demais para mim.
there was nothing	150	There was nothing that was not possible if Charlie’s detestable memory only held good.	Não havia nada que não fosse possível se a memória detestável de Charlie fosse boa.
up and down	146	He had not heard our conversation, having walked up and down the court while I was talking of love to my angelic mistress.	Ele não tinha ouvido a nossa conversa, tendo andado para cima e para baixo da quadra enquanto eu estava falando de amor para a minha amante angélica.
a great deal	146	“Yes, but you told me a great deal about the hero that you must have read before somewhere.” “I haven’t any time for reading, except when you let me sit here, and on Sundays I’m on my bicycle or down the river all day.	"Sim, mas você me disse muito sobre o herói que você deve ter lido antes em algum lugar." "Eu não tenho tempo para ler, exceto quando você me deixa sentar aqui, e aos domingos eu estou na minha bicicleta ou rio abaixo o dia todo.
which had been	144	I was principally uneasy about our money, which had been locked up in a little box.	Eu estava preocupado com o nosso dinheiro, que estava trancado em uma pequena caixa.
for the first time	144	When next he came to me he was drunk--royally drunk on many poets for the first time revealed to him.	Quando veio a mim, estava bêbado, bêbado em muitos poetas pela primeira vez.
i would not	143	I had such a dread of giving her annoyance, that there were no risks I would not have encountered for her sake.	Eu tinha tanto medo de lhe dar aborrecimento, que não havia riscos que eu não teria encontrado por causa dela.
but i have	143	There came suddenly an hour after which, as I look back, the affair seems to me to have been all pure suffering; but I have at least reached the heart of it, and the straightest road out is doubtless to advance.	De repente, uma hora depois, quando olho para trás, o caso me parece ter sido todo um puro sofrimento, mas eu pelo menos cheguei ao coração dele, e a estrada mais reta é sem dúvida para avançar.
to do so	142	It is but a moment since, that venturing to do so, in spite of their threats, one of the fellows raised the butt-end of his musket.	É apenas um momento desde então, que se aventuram a fazê-lo, apesar de suas ameaças, um dos companheiros levantou o bumbum de seu mosquete.
could not have	142	Lazare!' "If an eternal imprisonment, or death itself, had been presented to my view, I could not have restrained the excitement into which this afflicting announcement threw me.	"Se uma prisão eterna, ou a própria morte, tivesse sido apresentada à minha opinião, eu não poderia ter contido a excitação em que este anúncio aflitivo me lançou.
had come to	142	Lazare, and assume the name of my eldest brother, as if he had come to Paris expressly to see me.	Lazare, e assumir o nome do meu irmão mais velho, como se ele tivesse vindo a Paris expressamente para me ver.
not at all	142	Being naturally rough, and not at all in the habit of treating hackney-coachmen with respect, he answered that I could not be serious.	Sendo naturalmente rude, e não tendo o hábito de tratar os treinadores de Hackney com respeito, ele respondeu que eu não poderia estar falando sério.
i will not	141	I will not defer seeing him,' added I, 'beyond tomorrow.	Não adiarei vê-lo, além de amanhã.
do not know	141	Whether she recognized the fact then, I do not know.	Se ela reconheceu o fato então, eu não sei.
when he had	141	But I was afraid that he would leave me behind one night when he had worked it all out, and so I shot him.	Mas eu estava com medo que ele me deixasse para trás uma noite quando ele tinha trabalhado tudo, e então eu atirei nele.
did not know	140	He told me so before I killed him.” “But if you knew all this why didn’t you get out before?” “I did _not_ know it.	Ele me disse isso antes de eu matá-lo. "Mas se você sabia tudo isso, por que você não saiu antes?" "Eu não sabia.
so much as	140	It was a pity that I should have had to quaver out again the reasons for my not having, in my delusion, so much as questioned that the little girl saw our visitant even as I actually saw Mrs.	Foi uma pena que eu deveria ter tido que arrasar novamente as razões para eu não ter, na minha ilusão, tanto quanto questionado que a menina viu nossa visitante, mesmo quando eu realmente vi a Sra.
seemed to have	140	At Lancaster’s I inquired for his gun, was received coolly, and had to pay a heavy bill, which it seemed to have incurred, before it was handed over.	No Lancaster eu perguntei por sua arma, foi recebido com frieza, e teve que pagar uma conta pesada, que parecia ter incorrido, antes de ser entregue.
she had been	139	She ingenuously told me that she had been sent there by her parents, to commence her novitiate for taking the veil.	Ela me disse ingenuamente que tinha sido enviada para lá por seus pais, para começar seu noviciado por tomar o véu.
should have been	138	If I had even taken counsel from his reproaches, when on the brink of that gulf into which my passions afterwards plunged me, I should have been spared the melancholy wreck of both fortune and reputation.	Se eu tivesse até mesmo tomado conselho de suas repreensões, quando à beira do abismo em que minhas paixões depois me mergulharam, eu teria sido poupado do melancólico naufrágio da fortuna e da reputação.
a few minutes	138	I desired the girl, therefore, to let her mistress know that I should return in a few minutes, but on no account to say that she had spoken to me of M.	Eu desejei que a garota, portanto, deixasse sua amante saber que eu deveria voltar em poucos minutos, mas em nenhuma conta para dizer que ela tinha falado comigo de M.
will not be	138	'Wretch!' muttered I to myself, 'dearly shall G---- M---- pay for this!' "'As to your escape,' continued Lescaut, 'it will not be so easy as you imagine.	"Estranha!" murmurei para mim mesmo, "queridamente G------------------------------------------------------------------------------------------------------------------------------------------------------------------------------------------------------------------------------------------------------------------------------------------
half an hour	138	Half an hour would suffice to enable me to see Manon.	Meia hora seria suficiente para me permitir ver Manon.
do you know	138	“But do you know what they did to Peachey between two pine-trees?	"Mas você sabe o que eles fizeram com Peachey entre dois pinheiros?
he must have	137	He must have terrified her with a poniard, to induce her to abandon me.' What must he not have done to have robbed me of my angelic mistress?	Ele deve tê-la aterrorizado com um pônei, para induzi-la a me abandonar. O que ele não deve ter feito para me roubar minha amante angélica?
a few days	137	Lazare, it would be requisite for me to remain concealed for a few days, in order to give the enemy's zeal time to cool.	Lazare, seria necessário que eu ficasse escondido por alguns dias, a fim de dar ao inimigo tempo para esfriar.
there is nothing	136	'Be assured, my friend,' said I to him, 'that there is nothing I will not be ready to do for you, and that your fortune is just as certain as my own.' I enquired what means he intended to employ.	"Certifique-se, meu amigo," eu disse a ele, "que não há nada que eu não esteja pronto para fazer por você, e que sua fortuna é tão certa quanto a minha." Eu perguntei o que significa que ele pretendia empregar.
no more than	136	And these mountains, they never keep still, no more than the goats.	E essas montanhas, elas nunca ficam paradas, não mais do que as cabras.
it would have been	135	My unhappy fate would have most probably counteracted all my efforts; but it would have been a consolation to have had nothing else but that, and the cruelty of my enemies, to blame for my afflictions.	Meu destino infeliz provavelmente teria contrariado todos os meus esforços, mas teria sido um consolo não ter nada além disso, e a crueldade de meus inimigos, para culpar por minhas aflições.
if i were	135	If I were to describe all the incidents of the next fortnight in their order, my story would never come to an end; and your patience would be exhausted.	Se eu fosse descrever todos os incidentes da próxima quinzena em sua ordem, minha história nunca chegaria ao fim, e sua paciência estaria esgotada.
the other hand	134	"On the other hand, she had been hardly out of my sight since we entered Paris.	"Por outro lado, ela não estava longe da minha vista desde que entramos em Paris.
more and more	134	Day by day, too, I became more and more inclined to fall in with Heatherlegh’s “spectral illusion” theory, implicating eyes, brain, and stomach.	Dia a dia, também, eu me tornei cada vez mais inclinado a cair na teoria da "ilusão espectral" de Heatherlegh, implicando olhos, cérebro e estômago.
on the other side	134	Suddenly, in these circumstances, I became aware that, on the other side of the Sea of Azof, we had an interested spectator.	De repente, nessas circunstâncias, percebi que, do outro lado do Mar de Azof, tínhamos um espectador interessado.
here and there	134	A long frontage of lamp-lit quays was on our left, with here and there the vague hull of a steamer alongside.	Uma longa fachada de cais iluminados por lâmpadas estava à nossa esquerda, com aqui e ali o vago casco de um navio a vapor ao lado.
i have seen	134	It’s a witty fish.” “I have seen him!” said Toodles incredulously.	É um peixe espirituoso." "Eu o vi!" disse Toodles incrédulo.
i had been	133	"The result of my reflections was, that I had been seen and followed in the streets of Paris by some persons of my acquaintance, who had conveyed the information to my father.	"O resultado de minhas reflexões foi que eu tinha sido visto e seguido nas ruas de Paris por algumas pessoas de meu conhecimento, que tinham transmitido a informação ao meu pai.
they were all	133	They were all scantily clothed in that salmon-colored cloth which one associates with Hindu mendicants, and, at first sight, gave me the impression of a band of loathsome _fakirs_.	Estavam todos escassamente vestidos com aquele pano cor de salmão que se associava aos mendicantes hindus, e, à primeira vista, me davam a impressão de um bando de fanáticos repugnantes.
now and then	133	But _I_ should like to land now and then and have a walk.	Mas eu gostaria de pousar de vez em quando e dar um passeio.
i had not	132	that I had not fixed it one day sooner!	que eu não tinha consertado um dia antes!
i should not	132	"One day, having gone out in the afternoon, and told her that I should not be at home so early as usual, I was astonished, on my return, at being detained several minutes at the door.	"Um dia, tendo saído à tarde, e dito a ela que eu não deveria estar em casa tão cedo como de costume, fiquei surpreso, no meu retorno, por ter sido detido vários minutos na porta.
she did not	132	She replied in an embarrassed tone, that she did not hear me knock.	Ela respondeu com um tom envergonhado, que não me ouviu bater.
had been in	132	I took care to have her served with as much attention as if I had been in prosperous circumstances.	Tomei o cuidado de tê-la servido com tanta atenção como se estivesse em circunstâncias prósperas.
but he had	131	He told me that he had never understood my history, as I just now related it; he had of course known that I led a dissolute life, but he had imagined that M.	Ele me disse que nunca tinha entendido minha história, como eu acabei de contar, ele tinha claro que eu tinha levado uma vida dissoluta, mas ele tinha imaginado que M.
you are not	131	You are not bold enough to hold such a doctrine--a paradox not to be maintained.	Você não é corajoso o suficiente para sustentar tal doutrina - um paradoxo a não ser mantido.
it has been	131	Shall we persevere, and go to drag on this hopeless existence in an unknown land, where we shall, no doubt, have to encounter the most horrible pains, since it has been their object to punish me by exile?	Devemos perseverar, e ir para arrastar esta existência sem esperança em uma terra desconhecida, onde devemos, sem dúvida, ter que encontrar as dores mais horríveis, já que tem sido seu objetivo me punir com o exílio?
i am sure	131	I told him that I should await the end quietly at Simla; and I am sure that the end is not far off.	Eu disse a ele que eu deveria esperar o fim silenciosamente em Simla, e tenho certeza que o fim não está longe.
some of them	131	They cackled, yelled, whistled, and howled as I walked into their midst; some of them literally throwing themselves down on the ground in convulsions of unholy mirth.	Eles gritavam, assobiavam e uivavam enquanto eu entrava no meio deles; alguns deles literalmente se jogando no chão em convulsões de alegria profana.
i shall not	130	Here, then, is his story, which in its progress I shall not encumber with a single observation that was not his own.	Aqui, então, está a sua história, que em seu progresso eu não vou sobrecarregar com uma única observação que não era sua.
been able to	130	This evening, you see,” I pursued, “he has not been able to get in.” “He only peeps?” “I hope it will be confined to that!” She had now let go my hand; she turned away a little.	Esta noite, você vê," eu persegui, "ele não foi capaz de entrar." "Ele só mija?" "Espero que ele vai ser confinado a isso!" Ela tinha agora largado a minha mão, ela se virou um pouco.
to see him	129	The governor informed Tiberge of my wish to see him.	O governador informou Tiberge do meu desejo de vê-lo.
the next day	129	The utmost I could bring myself to promise was, that I would sleep through the whole of the next day.	O máximo que eu poderia me prometer era que dormiria durante todo o dia seguinte.
do you mean	129	I said to her: 'With whom do you mean to pass the night?' She was evidently disconcerted by the question, and answered me in an embarrassed manner with BUTS and IFS.	Eu disse a ela: "Com quem você quer passar a noite?" Ela estava evidentemente desconcertada com a pergunta, e me respondeu de uma maneira envergonhada com Buts e IFS.
if you will	129	Love has rendered me perhaps foolishly tender--too easily excited--too impassioned--too faithful, and probably too indulgent to the desires and caprices, or, if you will, the faults of an adored mistress.	O amor talvez tenha me tornado tolamente terno -- muito facilmente excitado -- muito apaixonado -- muito fiel, e provavelmente muito indulgente com os desejos e caprichos, ou, se você quiser, as faltas de uma amante adorada.
that had been	129	“You’ve been much too good to me already, old man,” said I; “but I don’t think I need trouble you further.” In my heart I knew that nothing Heatherlegh could do would lighten the burden that had been laid upon me.	"Você já foi bom demais para mim, velho", disse eu, "mas eu não acho que eu preciso te incomodar ainda mais." No meu coração eu sabia que nada que Heatherlegh pudesse fazer aliviaria o fardo que tinha sido colocado sobre mim.
other side of	129	Suddenly, in these circumstances, I became aware that, on the other side of the Sea of Azof, we had an interested spectator.	De repente, nessas circunstâncias, percebi que, do outro lado do Mar de Azof, tínhamos um espectador interessado.
the other side of	129	Suddenly, in these circumstances, I became aware that, on the other side of the Sea of Azof, we had an interested spectator.	De repente, nessas circunstâncias, percebi que, do outro lado do Mar de Azof, tínhamos um espectador interessado.
for a long time	128	I remained for a long time ignorant of her fate.	Eu fiquei por muito tempo ignorante de seu destino.
on the other hand	127	"On the other hand, she had been hardly out of my sight since we entered Paris.	"Por outro lado, ela não estava longe da minha vista desde que entramos em Paris.
i would have	127	I would have given a thousand lives to be but for one quarter of an hour in Paris.	Eu teria dado mil vidas para ser, mas por um quarto de hora em Paris.
have been the	127	'See, Father, of what mischief you have been the cause,' said I to my guide; 'but that must not prevent us from finishing our work,' I added, pushing him on towards the last door.	"Veja, padre, de que mal você tem sido a causa", disse eu ao meu guia, "mas isso não deve nos impedir de terminar nosso trabalho", eu acrescentei, empurrando-o para a última porta.
if he were	127	Not a sound, on the way, had passed between us, and I had wondered—oh, _how_ I had wondered!—if he were groping about in his little mind for something plausible and not too grotesque.	Nem um som, no caminho, havia passado entre nós, e eu me perguntava - oh, como - eu me perguntava! - se ele estava tateando em sua mente por algo plausível e não muito grotesco.
it did not	127	It did not take place unless the object was of a certain value, most probably of fifty or a hundred pieces of gold; 103 nor could it be exacted from the nearest of kin on the father’s side.	Ele não ocorreu a menos que o objeto fosse de um certo valor, provavelmente de cinquenta ou cem peças de ouro; 103 nem poderia ser exigido do parente mais próximo do lado do pai.
all the time	127	All the time the distant hissing grew nearer and louder, and a deep, thunderous note began to sound beneath it.	O tempo todo o assobio distante se aproximava cada vez mais alto, e uma nota profunda e estrondosa começava a soar abaixo dela.
by no means	126	Piety was by no means neglected, and I entered with ardent devotion into all the exercises of religion.	A piedade não foi de modo algum negligenciada, e eu entrei com devoção ardente em todos os exercícios da religião.
you have been	126	'See, Father, of what mischief you have been the cause,' said I to my guide; 'but that must not prevent us from finishing our work,' I added, pushing him on towards the last door.	"Veja, padre, de que mal você tem sido a causa", disse eu ao meu guia, "mas isso não deve nos impedir de terminar nosso trabalho", eu acrescentei, empurrando-o para a última porta.
you do not	126	You do not talk.” “Grish Chunder, you’ve been too well educated to believe in a God, haven’t you?” “Oah, yes, _here_!	"Grish Chunder, você tem sido muito bem educado para acreditar em um Deus, não é?" "Oh, sim, aqui!
they did not	126	They were able to live in the world as if they did not live in it.	Eles foram capazes de viver no mundo como se não vivessem nele.
i could have	125	Her mind, her heart, her gentleness and beauty, formed a chain at once so binding and so agreeable, that I could have found perfect happiness in its enduring influence.	Sua mente, seu coração, sua gentileza e beleza, formaram uma cadeia de uma só vez tão obrigatória e tão agradável, que eu poderia ter encontrado a felicidade perfeita em sua influência duradoura.
seems to me	124	Yet, although I received no orders to make any distinction between her and the others, I cannot help treating her differently, for she seems to me somewhat superior to her companions.	No entanto, embora eu não tenha recebido ordens para fazer qualquer distinção entre ela e os outros, não posso deixar de tratá-la de forma diferente, pois ela me parece um pouco superior aos seus companheiros.
there were no	124	She told me, after a moment's silence, that she foresaw too clearly, what her unhappy fate must be; but that it was, apparently, the will of Heaven, since there were no means left her to avert it.	Ela me disse, depois de um momento de silêncio, que ela previu muito claramente, qual deve ser o seu destino infeliz, mas que era, aparentemente, a vontade do Céu, uma vez que não havia meios para evitá-lo.
he had never	124	He told me that he had never understood my history, as I just now related it; he had of course known that I led a dissolute life, but he had imagined that M.	Ele me disse que nunca tinha entendido minha história, como eu acabei de contar, ele tinha claro que eu tinha levado uma vida dissoluta, mas ele tinha imaginado que M.
a good deal	124	"G---- M----, although a good deal embarrassed by the whole scene, soon recognised me; and Manon still more easily.	"G---------, embora um bom negócio envergonhado por toda a cena, logo me reconheceu; e Manon ainda mais facilmente.
all the world	124	In the meantime I am resolved to stay where I am; and, in flat defiance of my doctor’s orders, to take all the world into my confidence.	Enquanto isso, estou decidido a ficar onde estou; e, desafiando as ordens do meu médico, levar todo o mundo em minha confiança.
at any rate	124	She sent me the pages in question before she died.” They were all listening now, and of course there was somebody to be arch, or at any rate to draw the inference.	Ela me enviou as páginas em questão antes de morrer. Eles estavam todos ouvindo agora, e é claro que havia alguém para ser arqui, ou de qualquer forma para tirar a inferência.
he had done	124	She succumbed to it.” He got up and, as he had done the night before, went to the fire, gave a stir to a log with his foot, then stood a moment with his back to us.	Ele se levantou e, como ele tinha feito na noite anterior, foi para o fogo, deu um toque a um tronco com o pé, e depois ficou um momento com as costas para nós.
they were not	124	They were in your charge.” “No, they were not in mine!” she roundly and distressfully returned.	"Não, eles não estavam no meu!", ela voltou redonda e angustiada.
if it had	124	No piece could be represented in the theatre if it had not been previously approved by judges for this purpose.	Nenhuma peça poderia ser representada no teatro se não tivesse sido previamente aprovada por juízes para este propósito.
he might have	123	He advised us not to make this, our first interview, of too long duration, that he might have the less difficulty in procuring us the same enjoyment again.	Ele nos aconselhou a não fazer essa, nossa primeira entrevista, de longa duração, para que ele tivesse menos dificuldade em nos conseguir o mesmo prazer novamente.
out into the	123	The child had again got up—this time blowing out the taper, and had again, for some purpose of observation or response, squeezed in behind the blind and was peering out into the night.	A criança tinha se levantado novamente, desta vez soprando o cone, e tinha novamente, para algum propósito de observação ou resposta, espremido atrás dos cegos e estava olhando para fora para a noite.
if i could	122	She confessed to me that if I could see but a reasonable hope of being able to effect her enfranchisement, she should deem herself indebted for my kindness in more than life itself could pay.	Ela me confessou que se eu pudesse ver apenas uma esperança razoável de ser capaz de efetuar sua concessão, ela deveria considerar-se endividada por minha bondade em mais do que a própria vida poderia pagar.
it would not	122	you are about then to lose all that you love on earth!' This thought agitated me to such a degree that I actually for some moments considered whether it would not be best for me to end at once all my miseries by death.	Você está prestes a perder tudo o que ama na Terra!' Esse pensamento me agitou a tal ponto que eu, por alguns momentos, considerei se não seria melhor para mim terminar de uma vez todas as minhas misérias pela morte.
what he had	122	He protested that he knew nothing more, and that what he had previously told me, having only happened the preceding day, he had not had a second opportunity of seeing the prince's servants.	Ele protestou que não sabia mais nada, e que o que ele tinha me dito anteriormente, tendo acontecido apenas no dia anterior, ele não tinha tido uma segunda oportunidade de ver os servos do príncipe.
man who had	122	He was the man who had rescued her from the Magdalen, and he was devotedly attached to us.	Ele foi o homem que a resgatou do Magdalen, e ele foi devotamente ligado a nós.
on one side	122	As the light grew stronger I saw that I was at the bottom of a horseshoe-shaped crater of sand, opening on one side directly on to the shoals of the Sutlej.	 ⁇  medida que a luz se tornava mais forte, vi que estava no fundo de uma cratera de areia em forma de ferradura, abrindo de um lado diretamente para os cardumes do Sutlej.
i have done	122	Nothing on earth will induce me to go near that devilish spot again, or to reveal its whereabouts more clearly than I have done.	Nada na Terra me induzirá a chegar perto daquele lugar diabólico de novo, ou a revelar seu paradeiro mais claramente do que eu fiz.
he had seen	122	He told tales of things he had seen and done, of out-of-the-way corners of the Empire into which he had penetrated, and of adventures in which he risked his life for a few days’ food.	Ele contou histórias de coisas que tinha visto e feito, de cantos fora do caminho do Império em que ele havia penetrado, e de aventuras em que ele arriscou sua vida por alguns dias de comida.
ought to have	122	“But—a—which?” “Why, the letter from his old place.” “You’ll show it to the master?” “I ought to have done so on the instant.” “Oh, no!” said Mrs.	"Mas, um, que?" "Por que, a carta de seu antigo lugar." "Você vai mostrá-lo ao mestre?" "Eu deveria ter feito isso no instante." "Oh, não!" disse a Sra.
what i have	121	'How can you so delude yourself, after what I have told you about her?	Como você pode se iludir depois do que eu lhe disse sobre ela?
to know what	121	It does not in the least concern you to know what manner of woman she was.	Não te preocupa saber que tipo de mulher ela era.
was not so	121	He seemed to say it was not so simple as that; to be really at a loss how to qualify it.	Ele parecia dizer que não era tão simples assim, estar realmente em uma perda de como qualificá-lo.
there was something	120	There was something so unaffected in the effort she made to escape observation, that it could but have sprung from natural and innate modesty alone.	Havia algo tão pouco afetado no esforço que ela fez para escapar da observação, que poderia ter surgido apenas da modéstia natural e inata.
a young man	120	Yonder is a young man," continued the archer, "who can tell you, better than I can, the cause of her misfortunes.	Yonder é um jovem," continuou o arqueiro, "que pode lhe dizer, melhor do que eu, a causa de seus infortúnios.
if they had	120	I asked if they had said nothing more.	Perguntei se eles não tinham dito mais nada.
how do you	120	You will have much time to make observations.” Whereat, to his great delight, I winced once more and hastily continued the conversation: “And how do you live here from day to day?	Você terá muito tempo para fazer observações." Para seu grande prazer, eu pisei mais uma vez e apressadamente continuei a conversa: "E como você vive aqui no dia a dia?
i am going	120	“I am going down to the Northbrook Club.	"Vou para o Northbrook Club.
other side of the	120	Suddenly, in these circumstances, I became aware that, on the other side of the Sea of Azof, we had an interested spectator.	De repente, nessas circunstâncias, percebi que, do outro lado do Mar de Azof, tínhamos um espectador interessado.
had been the	119	He told me, that although he had never seen Manon, he had heard of her; at least, if the person I was talking of was the same who had been the mistress of old G---- M----.	Ele me disse que, embora nunca tivesse visto Manon, ele tinha ouvido falar dela; pelo menos, se a pessoa de quem eu estava falando era a mesma que tinha sido a amante do velho G--------.
i have said	119	Imagine then, as I have said before, a horseshoe-shaped crater of sand with steeply graded sand walls about thirty-five feet high.	Imagine então, como eu disse antes, uma cratera de areia em forma de ferradura com paredes de areia íngremes com cerca de 35 pés de altura.
one or two	118	"As I had nothing more to do than to procure the linen and clothes for Manon, I told him that we might start almost immediately, if he would be so good as to wait for me a moment while I went into one or two shops.	"Como eu não tinha nada mais a fazer do que comprar o linho e a roupa para Manon, eu disse a ele que poderíamos começar quase imediatamente, se ele fosse tão bom a ponto de esperar por mim um momento enquanto eu entrava em uma ou duas lojas.
not have been	118	I found myself in the midst of a crowd of spectators--about forty men, twenty women, and one child who could not have been more than five years old.	Eu me encontrei no meio de uma multidão de espectadores - cerca de quarenta homens, vinte mulheres e uma criança que não poderia ter mais de cinco anos de idade.
she could not	117	She gave me to understand that she could not quit Paris without regret.	Ela me deu a entender que não poderia deixar Paris sem arrependimento.
i have never	117	I have never doubted that she was at that moment sincere.	Nunca duvidei que ela fosse sincera naquele momento.
to each other	117	During the whole evening we were thus supplying to each other an inexhaustible fund of amusement.	Durante toda a noite, estávamos fornecendo um ao outro um inesgotável fundo de diversão.
whom he had	117	He spoke of the three soldiers whom he had made use of on the last occasion, as men whose courage had been proved.	Ele falou dos três soldados que ele usou na última ocasião, como homens cuja coragem tinha sido provada.
i do not know	117	Whether she recognized the fact then, I do not know.	Se ela reconheceu o fato então, eu não sei.
i might have	116	I find myself the most wretched of mankind, by the force of that very constancy from which I might have fairly expected to derive the most serene of human blisses, and the most perfect recompense of love.	Eu me encontro a mais miserável da humanidade, pela força daquela mesma constância da qual eu poderia ter esperado derivar a mais serena das bem-aventuranças humanas, e a mais perfeita recompensa do amor.
out of sight	116	Pity if they have been separated!' I pretended not to hear, and kept as much out of sight as possible.	Pena se eles foram separados! Eu fingi não ouvir, e mantive o máximo de fora da vista possível.
and did not	116	Lescaut of my difficulties, and did not conceal from him that I had received a thousand francs from a friend.	Lescaut das minhas dificuldades, e não escondeu dele que eu tinha recebido mil francos de um amigo.
three or four	116	"He returned to town three or four days after, and at once conducted Manon to the house which his steward had in the meantime prepared.	"Ele voltou para a cidade três ou quatro dias depois, e imediatamente conduziu Manon para a casa que seu mordomo havia preparado.
they are not	116	He replied in a manner that became a man of the world, and a man of feeling also, for they are not always synonymous terms.	Ele respondeu de uma maneira que se tornou um homem do mundo, e um homem de sentimentos também, pois nem sempre são termos sinônimos.
into the room	116	Although I had nothing to apprehend from the other servants, I asked him in a low voice if he could conduct me unseen into the room in which Manon was.	Embora eu não tivesse nada para prender dos outros servos, eu perguntei em voz baixa se ele poderia me conduzir invisível para a sala em que Manon estava.
he had made	116	He spoke of the three soldiers whom he had made use of on the last occasion, as men whose courage had been proved.	Ele falou dos três soldados que ele usou na última ocasião, como homens cuja coragem tinha sido provada.
but they were	116	Two or three men trod on my panting body as they drew water, but they were evidently used to this sort of thing, and had no time to waste upon me.	Dois ou três homens pisaram no meu corpo enquanto tiravam água, mas eles estavam evidentemente acostumados a esse tipo de coisa, e não tinham tempo a perder comigo.
there will be	116	“‘For the last time, drop it, Dan,’ says I, in a whisper; ‘Billy Fish here says that there will be a row.’ “‘A row among my people!’ says Dravot.	"Pela última vez, solte-o, Dan", diz eu, em um sussurro; "Billy Fish aqui diz que haverá uma fila." "Uma fila entre o meu povo!" diz Dravot.
all the rest	116	It was as if, while I took in—what I did take in—all the rest of the scene had been stricken with death.	Foi como se, enquanto eu tomava - o que eu fazia - todo o resto da cena tivesse sido atingido pela morte.
they could not	116	They could not be impelled by ambition or avarice, as the temporal and ecclesiastical powers were united in the same hands.	Eles não poderiam ser impulsionados pela ambição ou avareza, como os poderes temporais e eclesiásticos foram unidos nas mesmas mãos.
could not help	115	She replied to me with a modesty so gentle and so charming that I could not help making, as I went out, a thousand reflections upon the incomprehensible character of women.	Ela me respondeu com uma modéstia tão gentil e tão encantadora que eu não pude deixar de fazer, como eu saí, mil reflexões sobre o caráter incompreensível das mulheres.
to give him	115	We were obliged to give him a seat in our carriage.	Fomos obrigados a dar-lhe um lugar na nossa carruagem.
the place where	115	how did you discover my name, or the place where you could find me?' "She told me that she had long known M.	Como você descobriu meu nome, ou o lugar onde você poderia me encontrar? "Ela me disse que ela conhecia há muito tempo M.
i shall have	115	He will require some time to take you to his father's house, where he keeps his money, and I shall have quite sufficient for the execution of my plan.' "M.	Ele vai precisar de algum tempo para levá-lo para a casa de seu pai, onde ele guarda seu dinheiro, e eu vou ter bastante suficiente para a execução do meu plano.
you will not	115	Open your eyes; look up and see who it is that is here; you will not throw away tears of tenderness upon an unhappy wretch whom you have betrayed and abandoned.' "She kissed my hands without changing her position.	Abram os olhos, olhem para cima e vejam quem está aqui, vocês não jogarão lágrimas de ternura sobre um infeliz desgraçado que vocês traíram e abandonaram.
me if i	115	May Heaven punish me, if I ever again waste upon you the smallest regard!	Que o Céu me castigue, se eu desperdiçá-lo de novo!
what are you	115	What are you doing?” We were just below the Convent, and from sheer wantonness I was making my Waler plunge and curvet across the road as I tickled it with the loop of my riding-whip.	Nós estávamos logo abaixo do Convento, e por pura desistência eu estava fazendo meu Waler mergulhar e curvar-se através da estrada enquanto eu o fazia cócegas com o laço do meu chicote de montaria.
nothing to do	115	“It is nothing to do,” said he.	"Não é nada para fazer", disse ele.
told me that	114	She ingenuously told me that she had been sent there by her parents, to commence her novitiate for taking the veil.	Ela me disse ingenuamente que tinha sido enviada para lá por seus pais, para começar seu noviciado por tomar o véu.
there had been	114	She answered, that there had been such confusion, owing to the multitude of strangers who came to offer assistance, that she could hardly ascertain what damage had been done.	Ela respondeu, que havia tanta confusão, devido à multidão de estranhos que vieram para oferecer assistência, que ela mal conseguia determinar que dano tinha sido feito.
i must have	114	I must have taken leave of my senses, to have voluntarily brought all this misery upon myself.' "My lamentations were interrupted by a visit I little expected; it was from Lescaut.	Devo ter me afastado dos meus sentidos, para ter trazido voluntariamente toda essa miséria sobre mim mesmo. "Minhas lamentações foram interrompidas por uma visita que eu mal esperava; foi de Lescaut.
if they were	114	You know my wife was insanely fond of the woman [‘never could see anything in her myself), and wanted me to pick up her old ‘rickshaw and coolies if they were to be got for love or money.	Sabe que minha esposa gostava muito da mulher, e queria que eu pegasse seu velho riquixá e coolies se eles fossem comprados por amor ou dinheiro.
i have had	114	More than once, indeed, I have had to check myself from warning some hard-riding friend against cantering over it.	Mais de uma vez, na verdade, tive que me controlar por avisar um amigo duro contra o retumbante sobre isso.
to tell me	114	Nothing that I could do would induce him to tell me who the mysterious “They” were.	Nada que eu pudesse fazer o induziria a me dizer quem eram os misteriosos "Eles".
to find out	114	The Chiefs and the priests can work a Fellow-craft Lodge in a way that’s very like ours, and they’ve cut the marks on the rocks, but they don’t know the Third Degree, and they’ve come to find out.	Os chefes e os sacerdotes podem trabalhar em uma loja de artesanato de uma forma que é muito parecida com a nossa, e eles cortaram as marcas nas rochas, mas eles não conhecem o terceiro grau, e eles vieram descobrir.
but there is	114	But there is so much perplexity in the titles of the MSS., and so many disputes have arisen among the critics (see Fabricius, Biblioth.	Mas há tanta perplexidade nos títulos do MSS., e muitas disputas surgiram entre os críticos (ver Fabricius, Biblioth.
not so much	114	173-174.] A magistrate, invested with such extensive powers, would have appeared not so much the minister, as the colleague of his sovereign.	Um magistrado, investido com poderes tão amplos, teria aparecido não tanto o ministro, como o colega de seu soberano.
the young man	113	It occurred to me, even, to come to an understanding with them, in order to secure for the young man the privilege of conversing with his mistress, during the rest of the journey to Havre, without hindrance.	Ocorreu-me, mesmo, chegar a um entendimento com eles, a fim de garantir ao jovem o privilégio de conversar com sua amante, durante o resto da jornada para Havre, sem impedimentos.
had not the	113	"I had not the remotest suspicion of her presence.	"Eu não tinha a suspeita mais remota de sua presença.
what to do	113	To make up his mind what to do with you.	Para decidir o que fazer com você.
the old man	113	384,) who relates it after him is sure that the old man was a disguised angel.] 187 (return) [ Eusebius, v.	384,) quem relata isso depois dele tem certeza de que o velho era um anjo disfarçado.) 187 (retorno) [Eusébio, v.
if you are	112	You ought to obliterate even her name from your memory, and take advantage, if you are wise, of the indulgence I am showing you.' "I very clearly perceived that my father was right.	Você deveria apagar até mesmo o nome dela de sua memória, e tirar proveito, se você é sábio, da indulgência que estou mostrando a você. "Eu percebi claramente que meu pai estava certo.
had never seen	112	He told me, that although he had never seen Manon, he had heard of her; at least, if the person I was talking of was the same who had been the mistress of old G---- M----.	Ele me disse que, embora nunca tivesse visto Manon, ele tinha ouvido falar dela; pelo menos, se a pessoa de quem eu estava falando era a mesma que tinha sido a amante do velho G--------.
there would be	112	I now saw that I had been asked for a service admirable and difficult; and there would be a greatness in letting it be seen—oh, in the right quarter!—that I could succeed where many another girl might have failed.	Agora vi que me haviam pedido um serviço admirável e difícil, e haveria uma grandeza em deixá-lo ser visto, oh, no quarto certo!
down into the	111	He took me aside as we went down into the courtyard.	Ele me levou para o lado enquanto desciamos para o pátio.
was no longer	111	But she became afterwards still more volatile than ever, or rather she was no longer anything, and entirely forgot herself, when, in poverty and want, she saw other women living in abundance.	Mas ela se tornou mais volátil do que nunca, ou melhor, ela não era mais nada, e se esqueceu completamente, quando, na pobreza e na necessidade, ela viu outras mulheres vivendo em abundância.
he had taken	111	He made the most complaisant and refined speeches upon the liberty he had taken of coming to dine with us uninvited.	Ele fez os discursos mais complacentes e refinados sobre a liberdade que ele tomou de vir jantar conosco sem ser convidado.
i saw him	111	I saw him led away like a lamb." X What lost a world, and bade a hero fly?	Eu o vi sendo levado como um cordeiro." X O que perdeu um mundo, e mandou um herói voar?
you must have	111	By the same token you must have been letting out any number of queer reminiscences just before I met you.	Da mesma forma, deve ter deixado escapar qualquer número de lembranças estranhas antes de te conhecer.
give me a	111	“Can you give me a drink?” he whimpered.	"Pode me dar uma bebida?", ele chorou.
had never been	111	But Charlie, the bank-clerk, on twenty-five shillings a week, he who had never been out of sight of a London omnibus, knew it all.	Mas Charlie, o banqueiro, em 25 xelins por semana, aquele que nunca tinha estado fora de vista de um ônibus de Londres, sabia de tudo.
it must have	111	I seemed at any rate, for an instant, to see their evocation of her as distinctly as I had seen her by the pond; and I brought out with decision: “It must have been also what _she_ wished!” Mrs.	De qualquer forma, por um instante, eu parecia ver a evocação dela tão distintamente quanto eu a tinha visto na lagoa; e eu trouxe a decisão: "Deve ter sido também o que _ela_ desejou!"
they would have	111	They had staked their lives against the chance of empire, and suffered what they would have inflicted; nor did Severus claim the arrogant superiority of suffering his rivals to live in a private station.	Eles apostaram suas vidas contra a chance do império, e sofreram o que teriam infligido; nem Severo reivindicou a superioridade arrogante de sofrer seus rivais para viver em uma estação privada.
looked at him	110	I looked at him with some astonishment, which he at once perceived.	Olhei para ele com alguma surpresa, que ele imediatamente percebeu.
there are no	110	“I, Jack Pansay, am in Simla and there are no ghosts here.	"Eu, Jack Pansay, estou em Simla e não há fantasmas aqui.
but if you	110	If you are rather more alive, more mud is put; but if you are too lively they let you go and take you away.	Se você está mais vivo, mais lama é colocada, mas se você está muito animado, eles te deixam ir e te levam embora.
have come to	110	We have come to you to know about this country, to read a book about it, and to be shown maps.	Viemos até você para saber sobre este país, para ler um livro sobre ele, e para ser mostrado mapas.
so long as	110	Nobody is going to be shot or speared any more so long as he does well, and I know that you won’t cheat me, because you’re white people--sons of Alexander--and not like common black Mohammedans.	Ninguém mais será baleado ou lançado enquanto ele estiver bem, e sei que você não vai me enganar, porque vocês são brancos - filhos de Alexander - e não como os muçulmanos negros comuns.
i should like	110	Do do something to the notion soon; I should like to see it written and printed.” “But all you’ve told me would make a long book.” “Make it then.	Faça algo com a noção em breve; Eu gostaria de vê-lo escrito e impresso. "Mas tudo o que você me disse seria um livro longo." "Faça isso então.
i have heard	110	“_Lekin darwaza band hai._ (Without doubt, but the door is shut.) I have heard of this remembering of previous existences among my people.	"Lekin Darwaza band hai. (Sem dúvida, mas a porta está fechada.) Eu ouvi falar dessa lembrança de existências anteriores entre meu povo.
back into the	110	The multitude, armed with sticks and stones, drove them back into the Capitol.	A multidão, armada com paus e pedras, os levou de volta ao Capitólio.
opened the door	109	She was at her window, which looked upon the street, and perceiving my approach, she came down and opened the door herself.	Ela estava na janela, que olhava para a rua, e percebendo minha abordagem, ela desceu e abriu a porta sozinha.
to see me	109	"My father came to see me in the afternoon.	"Meu pai veio me ver à tarde.
or at least	109	We lodged the first night at the inn, in order to have time to find a suitable house, or at least a commodious lodging.	Alojamos a primeira noite na pousada, para ter tempo para encontrar uma casa adequada, ou pelo menos um alojamento commodioso.
to see what	109	"While he was endeavouring to open the heavy gate, one of the servants, who slept in an adjoining room, hearing the noise of the bolts, jumped out of bed, and peeped forth to see what was passing.	"Enquanto tentava abrir o portão pesado, um dos criados, que dormia em uma sala adjacente, ouvindo o barulho dos parafusos, pulou da cama e mijou para ver o que estava passando.
no time to	109	Two or three men trod on my panting body as they drew water, but they were evidently used to this sort of thing, and had no time to waste upon me.	Dois ou três homens pisaram no meu corpo enquanto tiravam água, mas eles estavam evidentemente acostumados a esse tipo de coisa, e não tinham tempo a perder comigo.
am going to	109	You can try.” “I am going to.” “For your own credit and for the sake of money, of course?” “No.	Você pode tentar. "Eu vou." "Para o seu próprio crédito e para o bem do dinheiro, é claro?" "Não.
what do you mean	109	“What do you mean by more time?” “Well, a day or two—really to bring it out.	"O que você quer dizer com mais tempo?" "Bem, um dia ou dois, realmente para trazê-lo para fora.
had been so	109	108 108 (return) [ Aurelius Victor ascribes the abdication, which had been so variously accounted for, to two causes: 1st, Diocletian’s contempt of ambition; and 2dly, His apprehension of impending troubles.	108 108 (retorno) [Aurélio Victor atribui a abdicação, que tinha sido tão variadamente contabilizada, a duas causas: 1o, o desprezo de Diocleciano pela ambição; e 2dly, Sua apreensão de problemas iminentes.
such a thing	109	If Comrade Ossipon did not recommend his terrified soul to Lombroso, it was only because on scientific grounds he could not believe that he carried about him such a thing as a soul.	Se o Camarada Ossipon não recomendou sua alma aterrorizada a Lombroso, foi só porque, por razões científicas, ele não podia acreditar que ele carregava sobre ele uma coisa como uma alma.
know how to	108	You know how to conquer, rapid enough; but you have yet to learn how to secure your conquests.' "I could no longer endure these remarks, every one of which struck a dagger to my heart.	Você sabe como conquistar, rápido o suficiente, mas você ainda tem que aprender a garantir suas conquistas. "Eu não poderia mais suportar essas observações, cada uma das quais atingiu um punhal no meu coração.
more than the	108	I had never, hitherto, observed any peculiar warmth in his friendship that could lead me to look upon it as anything more than the partiality common among boys of the same age.	Eu nunca, até agora, tinha observado qualquer calor peculiar em sua amizade que poderia me levar a considerá-lo como nada mais do que a parcialidade comum entre os meninos da mesma idade.
that there were	108	I had such a dread of giving her annoyance, that there were no risks I would not have encountered for her sake.	Eu tinha tanto medo de lhe dar aborrecimento, que não havia riscos que eu não teria encontrado por causa dela.
will tell you	108	My brother will tell you about me; he can vouch for my grief in yielding to the necessity of parting from you.	Meu irmão lhe dirá sobre mim, ele pode atestar minha dor em ceder à necessidade de se separar de você.
you would have	108	If you adored me, ungrateful creature, I well know what course you would have taken; you would never have quitted me, at least without saying adieu.	Se você me adorasse, criatura ingrata, eu bem sei que curso você teria tomado; você nunca teria me deixado, pelo menos sem dizer adeus.
you will find	108	'They have deceived you too,' said I, 'my poor girl--they have deceived you; you are a woman, and probably wish for a lover; but you must find one who is rich and happy, and it is not here you will find him.	"Eles te enganaram também", disse eu, "minha pobre garota - eles te enganaram; você é uma mulher, e provavelmente deseja um amante; mas você deve encontrar alguém que é rico e feliz, e não é aqui que você vai encontrá-lo.
what do you think	108	What do you think I have given you money for?” “Very well,” was the unmoved reply.	Por que acha que te dei dinheiro?" "Muito bem", foi a resposta impassível.
we are not	108	We are not little men, and there is nothing that we are afraid of except Drink, and we have signed a Contrack on that.	Não somos homenzinhos, e não há nada que tenhamos medo, exceto Drink, e assinamos um Contrack sobre isso.
should like to	108	Do do something to the notion soon; I should like to see it written and printed.” “But all you’ve told me would make a long book.” “Make it then.	Faça algo com a noção em breve; Eu gostaria de vê-lo escrito e impresso. "Mas tudo o que você me disse seria um livro longo." "Faça isso então.
he does not	108	Remember he does not know that he knows.” “I know that.	Lembre-se que ele não sabe que sabe. "Eu sei disso.
seem to have	108	“Well, I think I’m glad Bly agrees with _me!_” “You would certainly seem to have seen, these twenty-four hours, a good deal more of it than for some time before.	"Bem, eu acho que estou feliz que Bly concorda com _eu!_" "Você certamente parece ter visto, essas 24 horas, muito mais do que por algum tempo antes.
should not be	107	"One day, having gone out in the afternoon, and told her that I should not be at home so early as usual, I was astonished, on my return, at being detained several minutes at the door.	"Um dia, tendo saído à tarde, e dito a ela que eu não deveria estar em casa tão cedo como de costume, fiquei surpreso, no meu retorno, por ter sido detido vários minutos na porta.
there must be	107	There must be a mistake somewhere, Jack.	Deve haver algum erro, Jack.
when they were	107	When they were in a bright glow, and the crow was nearly spitted in front thereof, Gunga Dass began without a word of preamble: “There are only two kinds of men, Sar.	Quando eles estavam em um brilho brilhante, e o corvo quase foi cuspido na frente dele, Gunga Dass começou sem uma palavra de preâmbulo: "Existem apenas dois tipos de homens, Sar.
shook his head	107	He always said that we’d all be set free after a battle, but we never were; We never were.” Charlie shook his head mournfully.	Ele sempre disse que seríamos todos libertados depois de uma batalha, mas nunca fomos, nunca fomos.
i am going to	107	You can try.” “I am going to.” “For your own credit and for the sake of money, of course?” “No.	Você pode tentar. "Eu vou." "Para o seu próprio crédito e para o bem do dinheiro, é claro?" "Não.
get out of	106	Allowing him barely time to get out of the street, I advanced to my deceiver's door, and notwithstanding the anger I felt, I knocked with as much respect as at the portal of a church.	Permitindo-lhe pouco tempo para sair da rua, eu avancei para a porta do meu enganador, e apesar da raiva que eu senti, eu bati com tanto respeito como no portal de uma igreja.
if he could	106	Although I had nothing to apprehend from the other servants, I asked him in a low voice if he could conduct me unseen into the room in which Manon was.	Embora eu não tivesse nada para prender dos outros servos, eu perguntei em voz baixa se ele poderia me conduzir invisível para a sala em que Manon estava.
and sat down	106	I pleaded the darkness of the night as an excuse; was rebuked by Kitty for my unlover-like tardiness; and sat down.	Eu supliquei a escuridão da noite como uma desculpa; foi repreendido por Kitty por meu atraso desamante; e sentei-me.
you tell me	106	“Can you tell me what the corruption is supposed to mean--the gist of the thing?” I asked.	"Você pode me dizer o que a corrupção deve significar - a essência da coisa?" Eu perguntei.
one of the most	106	36 He chose the habit and arms of the _Secutor_, whose combat with the _Retiarius_ formed one of the most lively scenes in the bloody sports of the amphitheatre.	Ele escolheu o hábito e os braços do Secutor, cujo combate com o Retiarius formou uma das cenas mais animadas nos esportes sangrentos do anfiteatro.
the same thing	106	Aurelius Victor de Cæsar says the same thing, G.	Aurelius Victor de César diz a mesma coisa, G.
if you were	106	It looks so far as if you were thought to be the spy.	Parece que você foi pensado para ser o espião.
time to time	105	I pretended to be blind to this system of tyranny, rather than annoy Manon, and even to take no notice of the sums of money which from time to time he received from her.	Eu fingi ser cego para este sistema de tirania, ao invés de irritar Manon, e até mesmo não tomar conhecimento das somas de dinheiro que de vez em quando ele recebeu dela.
from time to time	105	I pretended to be blind to this system of tyranny, rather than annoy Manon, and even to take no notice of the sums of money which from time to time he received from her.	Eu fingi ser cego para este sistema de tirania, ao invés de irritar Manon, e até mesmo não tomar conhecimento das somas de dinheiro que de vez em quando ele recebeu dela.
i have already	105	I have already said that he was not rich.	Eu já disse que ele não era rico.
i know not	105	"I remained, after reading this, in a state which it would be difficult to describe; for even now I know not the nature of the feelings which then agitated me.	"Fiquei, depois de ler isso, em um estado que seria difícil de descrever, pois mesmo agora não sei a natureza dos sentimentos que então me agitaram.
the first place	105	In the first place, I was delighted to learn that I had nothing to fear on account of St.	Em primeiro lugar, fiquei encantado ao saber que não tinha nada a temer por causa de St.
seemed to me	105	She did not appear to notice my annoyance; she seemed to me to have more than her usual cheerfulness; and she described, with infinite pleasantry, the manner in which she had spent the day.	Ela não parecia notar o meu aborrecimento, parecia-me ter mais do que a sua alegria habitual, e ela descreveu, com prazer infinito, a maneira como ela tinha passado o dia.
had not yet	105	He replied, with a smile, that he had not yet seen her, but that she had been represented to him as a most dangerous person.	Ele respondeu, com um sorriso, que ele ainda não a tinha visto, mas que ela tinha sido representada para ele como uma pessoa muito perigosa.
him into the	105	I was not without apprehensions indeed of his now retaining me against my will, and perhaps taking me at once back with him into the country.	Eu não estava sem apreensões de que ele agora me mantém contra a minha vontade, e talvez me levando de uma vez para o país.
not one of	105	Although not one of any distinction, I gratefully accepted it as a gift of Providence, as it enabled me to live independently of others' aid.	Apesar de não ter nenhuma distinção, aceitei-a como um presente da Providência, pois me permitiu viver independentemente da ajuda dos outros.
you know what	105	“But do you know what they did to Peachey between two pine-trees?	"Mas você sabe o que eles fizeram com Peachey entre dois pinheiros?
what had happened	105	They choked him to death against the side of the ship with their chained hands quite quietly, and it was too dark for the other overseer to see what had happened.	Eles o sufocaram até a morte contra o lado do navio com as mãos acorrentadas, e estava muito escuro para o outro superintendente ver o que tinha acontecido.
had made a	105	After rising, in town, to meet his appeal, I had at all events a couple of very bad days—found myself doubtful again, felt indeed sure I had made a mistake.	Depois de me levantar, na cidade, para atender seu apelo, tive em todos os eventos alguns dias muito ruins - me achei duvidoso novamente, senti de fato certeza que tinha cometido um erro.
i had never	104	I had never, hitherto, observed any peculiar warmth in his friendship that could lead me to look upon it as anything more than the partiality common among boys of the same age.	Eu nunca, até agora, tinha observado qualquer calor peculiar em sua amizade que poderia me levar a considerá-lo como nada mais do que a parcialidade comum entre os meninos da mesma idade.
a few moments	104	Allow me to reason for a few moments in my turn.	Permita-me raciocinar por alguns momentos na minha vez.
i can tell	104	"'A thousand times more than I can tell!' was her reply.	"Mil vezes mais do que posso dizer!" foi a resposta dela.
if she had	104	She had already been an inmate of the Magdalen; and even if she had left it by fair means, I knew that a relapse of this nature would be attended with disastrous consequences.	Ela já tinha sido uma prisioneira dos Magdalen, e mesmo que ela tivesse deixado por meios justos, eu sabia que uma recaída desta natureza seria acompanhada com consequências desastrosas.
face to face	104	“Agnes,” said I, “will you put back your hood and tell me what it all means?” The hood dropped noiselessly, and I was face to face with my dead and buried mistress.	"Agnes," eu disse, "você vai colocar de volta seu capuz e me dizer o que tudo isso significa?" O capuz caiu silenciosamente, e eu estava cara a cara com minha amante morta e enterrada.
went into the	104	I went into the next room and the daylight streamed through the open door.	Entrei na sala ao lado e a luz do dia passou pela porta aberta.
are going to	104	We have kept away from the two things that make life worth having.” “You won’t enjoy your lives much longer if you are going to try this idiotic adventure.	Nós nos mantivemos longe das duas coisas que fazem a vida valer a pena ter. "Você não vai aproveitar suas vidas por muito mais tempo se você estiver indo para tentar esta aventura idiota.
did not see	104	We fainted with our chins on the oars and you did not see that we were idle for we still swung to and fro.	Desmaiamos com os nossos queixos nos remos e você não viu que estávamos ociosos porque ainda agimos para lá e para cá.
his eyes were	104	He was nervous and embarrassed, but his eyes were very full of light, and his lips a little parted.	Ele estava nervoso e envergonhado, mas seus olhos estavam muito cheios de luz, e seus lábios um pouco separados.
when i saw	104	While this dumb convulsion lasted I could only watch it—which I did the more intently when I saw Flora’s face peep at me over our companion’s shoulder.	Enquanto essa convulsão estúpida durou, eu só pude assistir, o que eu fiz com mais atenção quando vi o rosto de Flora me espiando sobre o ombro do nosso companheiro.
i will tell	104	You’ll stay on with me, and we shall both be all right, and I _will_ tell you—I _will_.	Você vai ficar comigo, e nós dois vamos ficar bem, e eu vou te dizer, eu vou.
why do you	104	Let us return thanks,” he boldly continued, “to the youth of Thysdrus; let us return thanks to the faithful people of Carthage, our generous deliverers from a horrid monster—Why do you hear me thus coolly, thus timidly?	Vamos voltar graças," continuou ele corajosamente, "à juventude de Tisdro; vamos voltar graças ao povo fiel de Cartago, nossos generosos libertadores de um monstro horrendo - Por que você me ouve assim friamente, assim timidamente?
have had a	104	In that case I should have been done for, for I should have had a mile of the bank to skirt before reaching the north channel, and should have driven ashore long before I got there.	Nesse caso, eu deveria ter sido feito para, pois eu deveria ter tido uma milha do banco para contornar antes de chegar ao canal norte, e deveria ter dirigido para terra muito antes de chegar lá.
where he had	103	He replied, that he had just arrived, by sea, from Havre, where he had lately landed from America.	Ele respondeu que tinha acabado de chegar, pelo mar, de Havre, onde ele tinha desembarcado recentemente da América.
the night before	103	de T----, who had the night before promised to meet him there, and who had, under some pretext or other, refused a seat in his carriage.	de T----, que na noite anterior prometeu encontrá-lo lá, e que tinha, sob algum pretexto ou outro, recusou um assento em sua carruagem.
i don t	103	If I _am_ engaged I don’t want all creation to know about it.	Se eu estiver comprometido, não quero que toda a criação saiba disso.
it will not	103	He is a seer and he will tell us very many things.” “He may be all you say, but I’m not going to trust him to your Gods and devils.” “It will not hurt him.	Ele é um vidente e vai nos dizer muitas coisas. "Ele pode ser tudo o que você diz, mas eu não vou confiar nele para seus deuses e demônios." "Não vai machucá-lo.
if you had	103	If you had only told me more about your hero in the first instance it might have been finished by now.	Se você tivesse me contado mais sobre seu herói em primeira instância, ele poderia ter terminado agora.
the only one	103	“In Harley Street?” “In Harley Street.” “Well, miss, you’re not the first—and you won’t be the last.” “Oh, I’ve no pretension,” I could laugh, “to being the only one.	"Em Harley Street?" "Em Harley Street." "Bem, senhorita, você não é a primeira - e você não será a última." "Oh, eu não tenho pretensão", eu poderia rir, "de ser a única.
not seem to	103	There were only slumbering embers in it, but he did not seem to notice that.	Havia apenas brasas adormecidas, mas ele não parecia notar isso.
to see if	103	For this whole morning I never thought of my demon shadow; and not till the weariness which supervened on delight brought it again to my memory, did I look round to see if it was behind me: it was scarcely discernible.	Durante toda esta manhã, nunca pensei na minha sombra demoníaca; e não até que o cansaço que sobreveio no prazer trouxe-a de novo à minha memória, olhei em volta para ver se estava atrás de mim: era quase imperceptível.
gave him a	102	I gave him a thousand welcomes, and ordered that they should supply him with everything he wanted.	Dei-lhe mil boas-vindas, e ordenei que lhe fornecessem tudo o que ele quisesse.
when he came	102	He replied, that if this was the reception he was to meet, when he came to offer me the most essential service it was in his power to render me, he should take his leave, and never again cross my threshold.	Ele respondeu, que se esta fosse a recepção que ele ia encontrar, quando ele veio me oferecer o serviço mais essencial que estava em seu poder para me render, ele deveria tirar a sua licença, e nunca mais cruzar o meu limiar.
that there was no	102	I myself thought them ridiculous enough, when he informed me that there was no more danger from Lescaut's affray, than from the Hospital adventure.	Eu mesmo os achei ridículos o suficiente, quando ele me informou que não havia mais perigo da arraia de Lescaut, do que da aventura do Hospital.
again and again	102	Again and again I went round this treadmill of thought; and again and again gave up baffled and in despair.	De novo e de novo eu fui ao redor desta esteira de pensamento; e de novo e de novo desisti perplexo e em desespero.
tell me what	102	“Agnes,” said I, “will you put back your hood and tell me what it all means?” The hood dropped noiselessly, and I was face to face with my dead and buried mistress.	"Agnes," eu disse, "você vai colocar de volta seu capuz e me dizer o que tudo isso significa?" O capuz caiu silenciosamente, e eu estava cara a cara com minha amante morta e enterrada.
seems to have	102	45,) the steel point of the pilum seems to have been much longer.	45,) o ponto de aço do pilum parece ter sido muito mais longo.
before he could	102	Before he could establish his authority, or finish the negotiation which he appears to have entered into with his son Maxentius, the celerity of Constantine defeated all his hopes.	Antes que ele pudesse estabelecer sua autoridade, ou terminar a negociação que ele parece ter entrado com seu filho Maxêncio, a celeridade de Constantino derrotou todas as suas esperanças.
tell you what	102	I tell you what: say ‘Post Office, Norderney’, just your name, not the yacht’s.	Digo-lhe uma coisa: diga "Post Office, Norderney", apenas o seu nome, não o do iate.
did not seem	102	There were only slumbering embers in it, but he did not seem to notice that.	Havia apenas brasas adormecidas, mas ele não parecia notar isso.
when he saw	102	When he saw Mrs Verloc starting to walk out of the kitchen without a word he was disappointed.	Quando ele viu a Sra. Verloc começar a sair da cozinha sem uma palavra, ele ficou desapontado.
a few words	101	I addressed a few words to his mistress before I left the room.	Mandei algumas palavras para sua amante antes de sair do quarto.
had nothing to	101	He assured me that I had nothing to apprehend from my father's severity, provided I showed a disposition to return quietly to the path of duty, and prove myself worthy of his affection.	Ele me assegurou que eu não tinha nada a entender da severidade do meu pai, desde que eu mostrasse uma disposição para retornar silenciosamente ao caminho do dever, e provar-me digno de sua afeição.
as if he had	101	Lazare, and assume the name of my eldest brother, as if he had come to Paris expressly to see me.	Lazare, e assumir o nome do meu irmão mais velho, como se ele tivesse vindo a Paris expressamente para me ver.
may have been	101	Once I fancied I heard a faint call of “Jack!” This may have been imagination.	Uma vez que imaginei ter ouvido um fraco chamado de "Jack!" Isso pode ter sido imaginação.
i should like to	101	Do do something to the notion soon; I should like to see it written and printed.” “But all you’ve told me would make a long book.” “Make it then.	Faça algo com a noção em breve; Eu gostaria de vê-lo escrito e impresso. "Mas tudo o que você me disse seria um livro longo." "Faça isso então.
there was one	101	There was one direction, assuredly, in which these discoveries stopped: deep obscurity continued to cover the region of the boy’s conduct at school.	Havia uma direção, com certeza, em que essas descobertas pararam: a obscuridade profunda continuou a cobrir a região da conduta do menino na escola.
only a few	101	“I don’t remember their names.” “Were they then so many?” “No—only a few.	"Eu não me lembro dos nomes deles." "Eles eram tantos?" "Não, apenas alguns.
into the house	101	In the midst of their deliberations, two veterans of the guards, actuated either by curiosity or a sinister motive, audaciously thrust themselves into the house, and advanced by degrees beyond the altar of Victory.	No meio de suas deliberações, dois veteranos dos guardas, movidos pela curiosidade ou por um motivo sinistro, audaciosamente se lançaram na casa e avançaram gradualmente além do altar da Vitória.
have nothing to	101	Alive or dead we’re doing nothing wrong, and have nothing to be ashamed of.” “I think it matters a good deal,” I objected.	Vivo ou morto, não estamos fazendo nada de errado, e não temos nada de que nos envergonhar. "Acho que é importante", eu me opus.
not know what	101	Mankind wants to live—to live.” “Mankind,” asserted the Professor with a self-confident glitter of his iron-rimmed spectacles, “does not know what it wants.” “But you do,” growled Ossipon.	A humanidade quer viver. "A humanidade", afirmou o professor com um brilho autoconfiante de seus óculos de aro de ferro, "não sabe o que quer." "Mas você sabe", rosnou Ossipon.
a short time	100	In a short time, I observed that our style of living was improved, and that she had treated herself to more expensive dresses.	Em pouco tempo, observei que nosso estilo de vida melhorou, e que ela se tratava de vestidos mais caros.
half a dozen	100	An officer came abruptly one morning into our bedroom, with half a dozen archers of the guard.	Um oficial veio abruptamente uma manhã em nosso quarto, com meia dúzia de arqueiros da guarda.
have been in	100	"We were not able, however, to carry this intention into effect; for, having taken me aside, 'I have been in the greatest embarrassment,' said he to me, 'since I saw you, and that is the cause of my visiting you today.	"Nós não fomos capazes, no entanto, de levar essa intenção em prática, pois, tendo me deixado de lado, 'Eu tenho estado em maior constrangimento', disse ele para mim, 'desde que eu vi você, e essa é a causa da minha visita a você hoje.
she had not	100	There were certainly parts of her recital sufficiently cruel and mortifying; for the intention, at least, of the infidelity was so obvious, that she had not even taken the trouble to disguise it.	Havia certamente partes de seu recital suficientemente cruéis e mortificantes, pois a intenção, pelo menos, da infidelidade era tão óbvia, que ela nem sequer se deu ao trabalho de disfarçar isso.
like a man	100	_Please_ forgive me,” rang with a wail in my ears, and, after an interval:--“It’s a mistake, a hideous mistake!” I spurred my horse like a man possessed.	Por favor, perdoe-me," tocou com um lamento nos meus ouvidos, e, depois de um intervalo: "É um erro, um erro hediondo!" Eu estimulei meu cavalo como um homem possuído.
great deal of	100	I saw neither of them on my return, but, on the other hand, as by an ambiguous compensation, I saw a great deal of Miles.	Eu não vi nenhum deles no meu retorno, mas, por outro lado, como por uma compensação ambígua, eu vi uma grande quantidade de Miles.
more or less	100	“Well—so we’re alone!” XXIII “Oh, more or less.” I fancy my smile was pale.	"Bem, então estamos sozinhos!" XXIII "Oh, mais ou menos." Eu acho que meu sorriso estava pálido.
on either side	100	The Nile flows down the country, above five hundred miles from the tropic of Cancer to the Mediterranean, and marks on either side the extent of fertility by the measure of its inundations.	O Nilo flui pelo país, a mais de 500 milhas do trópico de Câncer para o Mediterrâneo, e marca em ambos os lados a extensão da fertilidade pela medida de suas inundações.
in any way	99	"I do not press you," said I to him, "to make me the confidant of your secrets; but if I can be of use to you in any way, I gladly tender you my services." "Alas!" replied he, "I see not the slightest ray of hope.	"Eu não pressiono você", disse-lhe, "para me fazer o confidente de seus segredos, mas se eu posso ser útil para você de alguma forma, eu de bom grado lhe oferecer meus serviços." "Ai!" respondeu ele, "Eu não vejo o menor raio de esperança.
more than once	99	I strove to look upon it as a dream; and was more than once on the point of returning to my lodgings, determined to attach no importance to what I had heard.	Tentei encará-lo como um sonho, e estava mais de uma vez a ponto de voltar aos meus aposentos, determinado a não atribuir importância ao que eu tinha ouvido.
after he had	99	I only returned to the lodgings after he had left them.	Só voltei aos alojamentos depois que ele os deixou.
more than i	99	He, however, promised to use his influence with them; and, what was more than I expected at his hands, he said that he would supply me with a little money whenever I had pressing occasion for any.	Ele, no entanto, prometeu usar sua influência com eles; e, o que era mais do que eu esperava em suas mãos, ele disse que me daria um pouco de dinheiro sempre que eu tivesse uma ocasião premente para qualquer um.
but i had	99	She would have preferred me, even with a moderate fortune, to the whole world; but I had no kind of doubt that she would, on the other hand, abandon me for some new M.	Ela teria me preferido, mesmo com uma fortuna moderada, para o mundo inteiro, mas eu não tinha nenhuma dúvida de que ela, por outro lado, me abandonaria por algum novo M.
the same way	99	You have come by it unjustly, and in the same way shall it be taken from you.	Você veio por ela injustamente, e da mesma forma será tirado de você.
they had not	99	They had not been seen in the house since eight o'clock, and had gone out, after having some cases carried before them, according to orders which they pretended to have received from me.	Eles não tinham sido vistos na casa desde as oito horas, e tinham saído, depois de ter alguns casos levados antes deles, de acordo com as ordens que eles fingiram ter recebido de mim.
if i am	99	To share---- But can I hesitate, if Manon herself suggests it, and if I am to lose her except upon such conditions?	Mas posso hesitar, se a própria Manon sugerir, e se eu quiser perdê-la, exceto em tais condições?
that he had been	99	G---- M---- was not long in finding out that he had been duped.	G--- M------ não demorou muito para descobrir que ele tinha sido enganado.
he told me	99	He told me candidly that they had informed him of every particular.	Ele me disse francamente que eles o informaram de todos os detalhes.
he had come	99	Lazare, and assume the name of my eldest brother, as if he had come to Paris expressly to see me.	Lazare, e assumir o nome do meu irmão mais velho, como se ele tivesse vindo a Paris expressamente para me ver.
more than one	99	In order to reach them, we should have to traverse deserts of many days' journey, and more than one range of mountains so steep and vast as to seem almost impassable to the strongest man.	A fim de alcançá-los, devemos ter que atravessar desertos de muitos dias de viagem, e mais de uma gama de montanhas tão íngremes e vastas que parecem quase intransitáveis para o homem mais forte.
i will go	99	As I know that no one--no, not even Kitty, for whom it is written as some sort of justification of my conduct--will believe me, I will go on.	Como sei que ninguém - não, nem mesmo Kitty, para quem está escrito como uma espécie de justificativa de minha conduta - vai acreditar em mim, eu vou continuar.
come to me	99	I _must_ give him a word o’ mouth to tell him what’s come to me, or else he won’t know where to go.	Eu devo dar uma palavra a ele para dizer-lhe o que veio a mim, ou então ele não vai saber para onde ir.
each other and	99	His pupils were dilated, his words tumbled over each other, and he wrapped himself in quotations.	Suas pupilas estavam dilatadas, suas palavras caíam umas sobre as outras, e ele se envolveu em citações.
i am afraid	99	I am afraid to be kicked, but I am not afraid to die, because I know what I know.	Tenho medo de ser chutado, mas não tenho medo de morrer, porque sei o que sei.
let us go	99	_Will you never let us go?_ We ate bread and onions when you took towns or ran aboard quickly when you were beaten back by the foe.	Nós comemos pão e cebolas quando você tomou cidades ou correu a bordo rapidamente quando você foi espancado pelo inimigo.
it might have	99	If you had only told me more about your hero in the first instance it might have been finished by now.	Se você tivesse me contado mais sobre seu herói em primeira instância, ele poderia ter terminado agora.
i can see	99	Also that we want to hear about them.” I can see Douglas there before the fire, to which he had got up to present his back, looking down at his interlocutor with his hands in his pockets.	Eu posso ver Douglas lá antes do incêndio, ao qual ele se levantou para apresentar as costas, olhando para o interlocutor com as mãos nos bolsos.
go back to	99	“Certainly you shall go back to school,” I said, “if it be that that troubles you.	"Certamente você deve voltar para a escola", eu disse, "se é que isso te incomoda.
a great deal of	99	I saw neither of them on my return, but, on the other hand, as by an ambiguous compensation, I saw a great deal of Miles.	Eu não vi nenhum deles no meu retorno, mas, por outro lado, como por uma compensação ambígua, eu vi uma grande quantidade de Miles.
is not so	99	* Note: The assertion of Hegesippus is not so positive: it is sufficient to read the whole passage in Eusebius, to see that the former part is modified by the matter.	Nota: A afirmação de Hegesippus não é tão positiva: é suficiente ler toda a passagem em Eusébio, para ver que a primeira parte é modificada pelo assunto.
get rid of	98	The sight of so lovely a girl as Manon, my ill-disguised impatience to conduct her to the inn, and the anxiety I betrayed to get rid of him, had excited in his mind some suspicions of my passion.	A visão de uma garota tão adorável como Manon, minha impaciência mal disfarçada para conduzi-la à pousada, e a ansiedade que eu traí para me livrar dele, excitaram em sua mente algumas suspeitas de minha paixão.
he had left	98	I only returned to the lodgings after he had left them.	Só voltei aos alojamentos depois que ele os deixou.
in the first place	98	In the first place, I was delighted to learn that I had nothing to fear on account of St.	Em primeiro lugar, fiquei encantado ao saber que não tinha nada a temer por causa de St.
went back to	98	No person appeared, and I went back to the coach, without knowing what to conjecture.	Ninguém apareceu, e eu voltei para o treinador, sem saber o que conjecturar.
should not have	98	"I was so confounded by what he said, that if he had gone on speaking for another hour, I should not have interrupted him.	"Fiquei tão confuso com o que ele disse, que se ele tivesse continuado falando por mais uma hora, eu não deveria tê-lo interrompido.
it does not	98	It does not in the least concern you to know what manner of woman she was.	Não te preocupa saber que tipo de mulher ela era.
when i am	98	9-8-5--nine rupees eight annas and five pie--for I always keep small change as bakshish when I am in camp.	9-8-5... 9 rupias, 8 annas e 5 tortas... pois eu sempre mantenho pequenas mudanças como bakshish quando estou no acampamento.
i shall never	98	The horrors of that night I shall never forget.	Os horrores daquela noite eu nunca esquecerei.
we shall have	98	I hope we shall have the pleasure of your company for much longer time.	Espero que tenhamos o prazer de sua companhia por muito mais tempo.
out of the way	98	He told tales of things he had seen and done, of out-of-the-way corners of the Empire into which he had penetrated, and of adventures in which he risked his life for a few days’ food.	Ele contou histórias de coisas que tinha visto e feito, de cantos fora do caminho do Império em que ele havia penetrado, e de aventuras em que ele arriscou sua vida por alguns dias de comida.
a little more	98	“If you could think us a little more mad we would be more pleased.	"Se você pudesse nos achar um pouco mais loucos, ficaríamos mais satisfeitos.
the last time	98	“It’s the last time we’ll shake hands with an Englishman these many days.	"É a última vez que apertaremos a mão de um inglês nestes dias.
between the two	98	Then there’s a bench running down between the two lines of oars and an overseer with a whip walks up and down the bench to make the men work.” “How do you know that?” “It’s in the tale.	Depois, há um banco correndo entre as duas linhas de remos e um superintendente com um chicote sobe e desce o banco para fazer os homens trabalharem. "Como você sabe disso?" "Está no conto.
but it was not	98	There was a figure in the grounds—a figure prowling for a sight, the visitor with whom Flora was engaged; but it was not the visitor most concerned with my boy.	Havia uma figura no terreno, uma figura à procura de uma visão, o visitante com quem Flora estava noiva, mas não era o visitante mais preocupado com o meu menino.
but i will	98	“ah, but I will, I _will!_ I see it’s the only way.	"Ah, mas eu vou, eu vou! - Eu vejo que é o único caminho.
came into the	98	50;) and it may seem probable, that, on this occasion, Pompey’s house came into the possession of Gordian’s great-grandfather.] 16 (return) [ The Claudian, the Numidian, the Carystian, and the Synnadian.	50;) e pode parecer provável, que, nesta ocasião, a casa de Pompeu veio na posse do bisavô de Gordian.) 16 (retorno) [O Claudian, o Numidian, o Carystian, e o Synnadian.
are you going	98	“Why are you going so suddenly?” said von Brüning to me across the table.	"Por que você vai tão de repente?" disse von Br ⁇ ning para mim em toda a mesa.
a little while	98	He remained silent for a little while.	Ele ficou em silêncio por um tempo.
do not think	98	There were plenty of snakes, however, and I do not think they were all harmless; but none ever bit me.	Havia muitas cobras, no entanto, e eu não acho que todas elas eram inofensivas, mas nenhuma nunca me mordeu.
could have been	97	"It appeared to me so impossible that Manon could have been unfaithful, that I feared even to wrong her by a suspicion.	"Pareceu-me tão impossível que Manon poderia ter sido infiel, que eu temia até mesmo errá-la por suspeita.
if you have	97	if you have any mercy,' said I, 'you will restore my Manon to me.	Se você tiver alguma misericórdia," eu disse, "você vai restaurar o meu Manon para mim.
entered the room	97	He entered the room swearing in the most horrible way; and as he knew part of his sister's history, he loaded her with abuse and reproaches.	Ele entrou na sala jurando da maneira mais horrível, e como ele sabia parte da história de sua irmã, ele a carregou com abuso e repreensões.
to make him	97	"This was of course my friend Tiberge; not that I could hope from him the assistance necessary for effecting my liberty; but I wished to make him the unconscious instrument of my designs.	"É claro que era meu amigo Tiberge, não que eu pudesse esperar dele a assistência necessária para realizar minha liberdade, mas eu queria fazer dele o instrumento inconsciente de meus projetos.
told him that	97	I told him that such an attempt as I contemplated could only appear rational after it had succeeded.	Eu disse a ele que tal tentativa como eu contemplava só poderia parecer racional depois de ter sido bem sucedida.
he had heard	97	He told me, that although he had never seen Manon, he had heard of her; at least, if the person I was talking of was the same who had been the mistress of old G---- M----.	Ele me disse que, embora nunca tivesse visto Manon, ele tinha ouvido falar dela; pelo menos, se a pessoa de quem eu estava falando era a mesma que tinha sido a amante do velho G--------.
but when the	97	At last, at the end of the street, I perceived a hackney-coach; we got into it, but when the coachman asked whither he should drive, I was scarcely able to answer him.	Finalmente, no final da rua, eu percebi um treinador de hackney, nós entramos, mas quando o cocheiro perguntou para onde ele deveria dirigir, eu mal consegui respondê-lo.
you will have	97	Chevalier,' said he, in a tone of sardonic raillery,--'so you do know where my son is, and you will have him strangled, you say?	Chevalier", disse ele, em tom de sarjeta, "então você sabe onde meu filho está, e você vai tê-lo estrangulado, você diz?
had gone to	97	There’s a lump of it there.” The punka-coolies had gone to sleep.	Tem um pedaço dele lá." Os punka-coolies tinham ido dormir.
he has been	97	He has _not_ literally ‘ever,’ in these weeks that I myself have lived with him and so closely watched him; he has been an imperturbable little prodigy of delightful, lovable goodness.	Ele literalmente nunca, nessas semanas que eu mesmo vivi com ele e o observei tão de perto, ele tem sido um pequeno prodígio imperturbável de bondade agradável e adorável.
when i came	97	“I mean that I saw yesterday, when I came back with Miss Flora, that it wasn’t where you had put it.	"Quero dizer que eu vi ontem, quando voltei com a Srta. Flora, que não foi onde você colocou.
not to have	97	52 Yet the fatal sword, suspended above him by a single thread, seems not to have disturbed the slumbers, or interrupted the tranquillity, of the Persian.	No entanto, a espada fatal, suspensa acima dele por um único fio, parece não ter perturbado os sonos, ou interrompido a tranquilidade, do persa.
i could see	96	She confessed to me that if I could see but a reasonable hope of being able to effect her enfranchisement, she should deem herself indebted for my kindness in more than life itself could pay.	Ela me confessou que se eu pudesse ver apenas uma esperança razoável de ser capaz de efetuar sua concessão, ela deveria considerar-se endividada por minha bondade em mais do que a própria vida poderia pagar.
the next morning	96	Denis my brother had a chariot waiting for us, in which we started early the next morning, and arrived at home before night.	Denis meu irmão tinha uma carruagem esperando por nós, em que começamos cedo na manhã seguinte, e chegamos em casa antes da noite.
to give me	96	He perceived that there was in my errors more of weakness than of vice; and he was the more disposed in the end to give me assistance; without which I should infallibly have perished from distress of mind.	Ele percebeu que havia em meus erros mais fraqueza do que vício; e ele estava mais disposto no final a me dar assistência; sem a qual eu teria infalivelmente perecido de angústia mental.
all the same	96	But, all the same, you’re a phenomenon, and as queer a phenomenon as you are a blackguard.	Mas, mesmo assim, você é um fenômeno, e tão estranho quanto você é um guarda-costas.
all sorts of	96	The wretches dropped under my blows like nine-pins, and the laughter gave place to wails for mercy; while those yet untouched clasped me round the knees, imploring me in all sorts of uncouth tongues to spare them.	Os escárnios caíram sob meus golpes como nove pinos, e o riso deu lugar a lamentos por misericórdia; enquanto aqueles ainda intocados me apertavam ao redor dos joelhos, implorando-me em todos os tipos de línguas rudes para poupá-los.
but i can	96	But I can find out in a minute or two.	Mas eu posso descobrir em um minuto ou dois.
don t know	96	“I don’t know you,” I said, handing him the whisky.	"Eu não te conheço", eu disse, entregando-lhe o uísque.
i never saw	96	So we dressed betwixt and between, and such a sight as Daniel Dravot I never saw yet nor expect to see again.	Então, vestimos betwixt e meio, e uma visão como Daniel Dravot que eu nunca vi ainda nem espero ver novamente.
had seen the	96	A man of my acquaintance had once gone down with a leaking ship in a still sea, and had seen the water-level pause for an instant ere it fell on the deck.	Um homem de meu conhecimento já havia afundado com um navio vazando em um mar calmo, e tinha visto a pausa no nível da água por um instante antes de cair no convés.
but i must	96	But I must be allowed to write it with absolute certainty.	Mas devo ser autorizado a escrevê-lo com absoluta certeza.
came back to	96	But infamous.” She slowly came back to me.	Mas infame." Ela lentamente voltou para mim.
you have not	96	So, in the present case, you have not been invited to such a person’s entertainment because you have not paid him the price for which a supper is sold.	Então, no presente caso, você não foi convidado para o entretenimento de tal pessoa porque você não pagou a ele o preço pelo qual uma ceia é vendida.
take care of	96	Only a few hundred imbeciles who aren’t fit to take care of themselves.” For some thirty seconds longer Mr Vladimir studied in the mirror the fleshy profile, the gross bulk, of the man behind him.	Apenas algumas centenas de imbecis que não estão aptos a cuidar de si mesmos." Por mais trinta segundos, o Sr. Vladimir estudou no espelho o perfil carnudo, o grosso, do homem atrás dele.
could not see	95	"The whole affair was so involved in obscurity that I could not see my way even to a reasonable conjecture.	"Todo o caso estava tão envolvido na obscuridade que eu não podia ver o meu caminho, mesmo para uma conjectura razoável.
i told him	95	I told him confidently that I was perfectly sure of it, and that nothing could make me for a moment doubt it.	Eu disse a ele com confiança que eu estava perfeitamente certo disso, e que nada poderia me fazer duvidar por um momento.
she would have	95	She would have preferred me, even with a moderate fortune, to the whole world; but I had no kind of doubt that she would, on the other hand, abandon me for some new M.	Ela teria me preferido, mesmo com uma fortuna moderada, para o mundo inteiro, mas eu não tinha nenhuma dúvida de que ela, por outro lado, me abandonaria por algum novo M.
he had gone	95	"I was so confounded by what he said, that if he had gone on speaking for another hour, I should not have interrupted him.	"Fiquei tão confuso com o que ele disse, que se ele tivesse continuado falando por mais uma hora, eu não deveria tê-lo interrompido.
if you can	95	Go out and see if you can find the eyes-brain-and-stomach business again.	Vá ver se consegue encontrar o negócio de olhos, cérebro e barriga de novo.
up and down the	94	He had not heard our conversation, having walked up and down the court while I was talking of love to my angelic mistress.	Ele não tinha ouvido a nossa conversa, tendo andado para cima e para baixo da quadra enquanto eu estava falando de amor para a minha amante angélica.
when i had	94	de B----, when I had nothing more to offer her than fidelity and love.	Quando eu não tinha nada mais a oferecer a ela do que fidelidade e amor.
what have you	94	what have you done with her?' My agitation startled him.	O que você fez com ela?" Minha agitação o assustou.
not a word	94	It shall only cost you a crown an hour for conversing with any of our girls that you may prefer-- that is the ordinary price in Paris.' "I said not a word of Manon, because I did not wish to let them know of my passion.	Só lhe custará uma coroa por hora para conversar com qualquer uma de nossas garotas que você preferir. Esse é o preço comum em Paris. "Eu não disse uma palavra de Manon, porque eu não queria que eles soubessem da minha paixão.
that no one	94	As I know that no one--no, not even Kitty, for whom it is written as some sort of justification of my conduct--will believe me, I will go on.	Como sei que ninguém - não, nem mesmo Kitty, para quem está escrito como uma espécie de justificativa de minha conduta - vai acreditar em mim, eu vou continuar.
there were two	94	In due time I found my ghost, or ghosts rather, for there were two of them.	No devido tempo, encontrei meu fantasma, ou fantasmas, pois havia dois deles.
we have been	94	We have been all over India, mostly on foot.	Estivemos por toda a  ⁇ ndia, principalmente a pé.
it must have been	94	I seemed at any rate, for an instant, to see their evocation of her as distinctly as I had seen her by the pond; and I brought out with decision: “It must have been also what _she_ wished!” Mrs.	De qualquer forma, por um instante, eu parecia ver a evocação dela tão distintamente quanto eu a tinha visto na lagoa; e eu trouxe a decisão: "Deve ter sido também o que _ela_ desejou!"
and there were	94	All roads lead to Rome, and there were times when it might have struck us that almost every branch of study or subject of conversation skirted forbidden ground.	Todos os caminhos levam a Roma, e houve momentos em que poderia ter nos impressionado que quase todos os ramos de estudo ou assunto de conversa contornavam o terreno proibido.
as if he were	94	It was as if he were suddenly afraid of me—which struck me indeed as perhaps the best thing to make him.	Era como se ele estivesse com medo de mim, o que me pareceu a melhor coisa para fazê-lo.
but i think	94	“It’s a bit of a load, and she’s rather deep; but I _think_ we shall manage,” he reflected.	"É um pouco pesado, e ela é bastante profunda, mas eu acho que vamos conseguir", ele refletiu.
could see the	94	However, I thought I might as well; so, after dinner, when it was dark, I sculled over in the dinghy, hailed a sailor on deck, said who I was, and asked if I could see the owner.	No entanto, eu pensei que eu poderia também; Então, depois do jantar, quando estava escuro, eu me deslizei no bote, saudado um marinheiro no convés, disse quem eu era, e perguntou se eu poderia ver o proprietário.
i can do	94	I can do no more than sketch his views.	Não posso fazer mais do que esboçar seus pontos de vista.
i am very	94	Is it possible you should not know it?” “I am very glad you think so.	É possível que você não deve saber? "Estou muito feliz que você acha que sim.
nothing but a	94	A cold gust of wind met me from behind the stone; and when I looked, I saw nothing but a great hole in the earth, into which I could find no way of entering.	Uma fria rajada de vento me encontrou por trás da pedra, e quando olhei, não vi nada além de um grande buraco na terra, no qual não encontrei maneira de entrar.
if i can	93	"I do not press you," said I to him, "to make me the confidant of your secrets; but if I can be of use to you in any way, I gladly tender you my services." "Alas!" replied he, "I see not the slightest ray of hope.	"Eu não pressiono você", disse-lhe, "para me fazer o confidente de seus segredos, mas se eu posso ser útil para você de alguma forma, eu de bom grado lhe oferecer meus serviços." "Ai!" respondeu ele, "Eu não vejo o menor raio de esperança.
him out of	93	"The Superior, having ordered some of the brotherhood to escort him out of the prison, remained alone with me.	"O Superior, tendo ordenado a alguns da irmandade para escoltá-lo para fora da prisão, permaneceu sozinho comigo.
shall not be	93	'This very day,' said he; 'the happy moment shall not be long delayed; nay, this very instant even, if you wish it.' She at once understood that I was at the door; as she was rushing towards it, I entered.	"Neste mesmo dia", disse ele, "o momento feliz não será adiado por muito tempo; ou melhor, neste mesmo instante, se você quiser." Ela imediatamente entendeu que eu estava à porta, enquanto ela estava correndo em direção a ele, eu entrei.
to get out	93	Allowing him barely time to get out of the street, I advanced to my deceiver's door, and notwithstanding the anger I felt, I knocked with as much respect as at the portal of a church.	Permitindo-lhe pouco tempo para sair da rua, eu avancei para a porta do meu enganador, e apesar da raiva que eu senti, eu bati com tanto respeito como no portal de uma igreja.
all over the	93	The skin of the head tightens and you can feel a faint, prickly, bristling all over the scalp.	A pele da cabeça se aperta e você pode sentir um fraco, espinhoso, enrugado por todo o couro cabeludo.
i don t know	93	“I don’t know you,” I said, handing him the whisky.	"Eu não te conheço", eu disse, entregando-lhe o uísque.
know what i	93	I am afraid to be kicked, but I am not afraid to die, because I know what I know.	Tenho medo de ser chutado, mas não tenho medo de morrer, porque sei o que sei.
he sat down	93	Are you very happy, Charlie?” “My God--she--she loves me!” He sat down repeating the last words to himself.	Você está muito feliz, Charlie?" "Meu Deus, ela me ama!" Ele se sentou repetindo as últimas palavras para si mesmo.
me but i	93	I can say now neither what determined nor what guided me, but I went straight along the lobby, holding my candle high, till I came within sight of the tall window that presided over the great turn of the staircase.	Não posso dizer agora o que me determinou nem o que me guiou, mas fui direto ao longo do saguão, segurando minha vela alta, até que cheguei à vista da janela alta que presidiu a grande curva da escada.
it had not	93	This was a large, square chamber, arranged with some state as a bedroom, the extravagant size of which made it so inconvenient that it had not for years, though kept by Mrs.	Esta era uma grande câmara quadrada, arranjada com algum estado como um quarto, cujo tamanho extravagante tornou tão inconveniente que não tinha há anos, embora mantido pela Sra.
may not be	93	It may not be useless to recapitulate some of the most important prerogatives which the senate appeared to have regained by the election of Tacitus.	Pode não ser inútil recapitular algumas das prerrogativas mais importantes que o Senado parece ter recuperado com a eleição de Tácito.
you must not	93	We have several days to spare, and we have to call for letters anyhow.” “You must not delay on our account.	Temos vários dias de sobra, e temos que pedir cartas de qualquer maneira. "Você não deve atrasar por nossa conta.
was more than	92	I strove to look upon it as a dream; and was more than once on the point of returning to my lodgings, determined to attach no importance to what I had heard.	Tentei encará-lo como um sonho, e estava mais de uma vez a ponto de voltar aos meus aposentos, determinado a não atribuir importância ao que eu tinha ouvido.
had taken the	92	Would not my father, who had the tenderest regard for me, have given his consent, if I had taken the fair and candid course of soliciting him?	Meu pai, que tinha a mais terna consideração por mim, não teria dado seu consentimento, se eu tivesse tomado o caminho justo e sincero de solicitá-lo?
have you been	92	“Why, Jack,” she cried, “what _have_ you been doing?	"Por que, Jack", ela gritou, "o que você tem feito?
the same moment	92	As I led Pornic over the sands I was startled by the faint pop of a rifle across the river; and at the same moment a bullet dropped with a sharp “_whit_” close to Pornic’s head.	Enquanto eu conduzia o Pornic sobre as areias, fiquei assustado com o leve estouro de um rifle do outro lado do rio; e, ao mesmo tempo, uma bala caiu com um afiado "_whit_" perto da cabeça do Pornic.
must not be	92	It must not be supposed that I inventoried all these things on the spot as fully as I have here written them down.	Não se deve supor que eu inventei todas essas coisas no local tão completamente como eu as escrevi aqui.
do you want	92	Do you want any money or a recommendation down-country?	Quer algum dinheiro ou uma recomendação?
no more of	92	I saw no more of him for nearly a week.	Não vi mais dele por quase uma semana.
when they had	92	But he denied certain occasions.” “What occasions?” “When they had been about together quite as if Quint were his tutor—and a very grand one—and Miss Jessel only for the little lady.	Mas ele negou certas ocasiões. "Que ocasiões?" "Quando eles estavam juntos como se Quint fosse seu tutor - e muito grande - e a Srta. Jessel só para a pequena dama.
the time when	92	30 The legions themselves, even at the time when they were recruited in the most distant provinces, were supposed to consist of Roman citizens.	30 As legiões, mesmo quando eram recrutadas nas províncias mais distantes, deveriam ser constituídas por cidadãos romanos.
a very good	92	You were transporting it secretly to the mainland?” “Not a very good day for that!	Você estava transportando-o secretamente para o continente?" "Não é um dia muito bom para isso!
came out of	92	Numberless unknown sounds came out of the unknown dusk; but all were of twilight-kind, oppressing the heart as with a condensed atmosphere of dreamy undefined love and longing.	Inúmeros sons desconhecidos saíram do crepúsculo desconhecido, mas todos eram de tipo crepuscular, oprimindo o coração como com uma atmosfera condensada de amor e anseio indefinidos e sonhadores.
can tell you	91	Yonder is a young man," continued the archer, "who can tell you, better than I can, the cause of her misfortunes.	Yonder é um jovem," continuou o arqueiro, "que pode lhe dizer, melhor do que eu, a causa de seus infortúnios.
glad to see	91	He was glad to see me out of the Chatelet.	Ele ficou feliz em me ver fora do Chatelet.
we have no	91	Let us not hesitate; we have no obstacle to impede us: I will this day speak to the governor on the subject, and acknowledge that we have in this particular hitherto deceived him.	Não hesitemos, não temos nenhum obstáculo para nos impedir, hoje falarei com o governador sobre o assunto, e reconheceremos que o enganamos até agora.
the two men	91	The two men had overheard me speaking to the empty air, and had returned to look after me.	Os dois homens tinham me ouvido falar com o ar vazio, e tinham voltado para cuidar de mim.
and would have	91	I had found my ghost and would have given worlds to have escaped from that dâk-bungalow.	Eu tinha encontrado meu fantasma e teria dado mundos para escapar daquele dâk-bungalow.
but when he	91	Dravot was very kind to me, but when he walked up and down in the pine wood pulling that bloody red beard of his with both fists I knew he was thinking plans I could not advise about, and I just waited for orders.	Dravot foi muito gentil comigo, mas quando ele andou para cima e para baixo no pinhal puxando a maldita barba vermelha dele com os dois punhos, eu sabia que ele estava pensando em planos que eu não poderia aconselhar, e eu só esperei por ordens.
not going to	91	He is a seer and he will tell us very many things.” “He may be all you say, but I’m not going to trust him to your Gods and devils.” “It will not hurt him.	Ele é um vidente e vai nos dizer muitas coisas. "Ele pode ser tudo o que você diz, mas eu não vou confiar nele para seus deuses e demônios." "Não vai machucá-lo.
the only thing	91	The only thing indeed that in this early outlook might have made me shrink again was the clear circumstance of her being so glad to see me.	A única coisa que poderia me fazer encolher de novo nessa perspectiva inicial era a clara circunstância de ela estar tão feliz em me ver.
if he had been	91	If he had been wicked he would have “caught” it, and I should have caught it by the rebound—I should have found the trace.	Se ele tivesse sido mau, ele teria "apanhado" e eu deveria tê-lo pego pelo rebote.
but he did	91	“He never wore his hat, but he did wear—well, there were waistcoats missed.	"Ele nunca usou o chapéu, mas ele usou - bem, havia coletes perdidos.
i will tell you	91	You’ll stay on with me, and we shall both be all right, and I _will_ tell you—I _will_.	Você vai ficar comigo, e nós dois vamos ficar bem, e eu vou te dizer, eu vou.
not know how	91	We do not know how he came to Rome.	Não sabemos como ele veio a Roma.
were going to	91	We were going to Norderney, come what might, and sooner or later we must see Dollmann.	Estávamos indo para Norderney, venha o que vier, e mais cedo ou mais tarde devemos ver Dollmann.
what i am	91	It would be infinitely safer for you to follow carefully what I am saying.	Seria infinitamente mais seguro para você seguir cuidadosamente o que estou dizendo.
when they are	91	If the cat were at home, she would have her back up; for the young fairies pull the sparks out of her tail with bramble thorns, and she knows when they are coming.	Se a gata estivesse em casa, ela a teria de volta, pois as jovens fadas tiram as faíscas de sua cauda com espinhos brilhantes, e ela sabe quando elas estão chegando.
there is one	91	“Now there is one thing that I want to impress upon you before I go any further, Mr.	"Agora há uma coisa que quero impressionar antes de ir mais longe, Sr.
i have made	90	What is left to me, after all the sacrifices I have made for her sake?	O que me resta, depois de todos os sacrifícios que fiz por ela?
at each other	90	My despair--my cries--my tears, exceeded all belief: I raved in so incoherent a manner that all the bystanders, who were ignorant of the cause, looked at each other with as much dread as surprise.	Meu desespero, meus gritos, minhas lágrimas, excederam todas as crenças, eu vomitei de maneira tão incoerente que todos os espectadores, que ignoravam a causa, olhavam uns para os outros com tanto pavor quanto surpresa.
to meet him	90	de T----, who had the night before promised to meet him there, and who had, under some pretext or other, refused a seat in his carriage.	de T----, que na noite anterior prometeu encontrá-lo lá, e que tinha, sob algum pretexto ou outro, recusou um assento em sua carruagem.
open the door	90	We were just on the point of lying down when he burst open the door, and electrified us by his appearance.	Estávamos a ponto de deitar quando ele abriu a porta, e nos eletrizou com sua aparência.
what you have	90	"After what you have listened to, the remainder of my own history would ill repay the attention you seem inclined to bestow upon it.	"Depois do que você ouviu, o resto da minha própria história mal retribuiria a atenção que você parece inclinado a conceder a ele.
i know what	90	I’ve drilled the men and shown the people how to stack their oats better; and I’ve brought in those tinware rifles from Ghorband--but I know what you’re driving at.	Eu treinei os homens e mostrei ao povo como empilhar melhor a aveia, e eu trouxe aqueles rifles da Ghorband, mas eu sei o que você está dirigindo.
if you do	90	“My dear, I don’t want to get off!” “You can’t, even if you do.	"Minha querida, eu não quero sair!" "Você não pode, mesmo que você faça.
of them had	90	The most inquisitive of the Germans were ignorant of its utmost limits, although some of them had travelled in it more than sixty days’ journey.	Os mais curiosos dos alemães ignoravam seus limites máximos, embora alguns deles tivessem viajado mais de sessenta dias de viagem.
the other end	90	Mr Verloc, established in the corner of the sofa at the other end of the room, emitted two hearty grunts of assent.	O Sr. Verloc, estabelecido no canto do sofá na outra extremidade da sala, emitiu dois grunhidos de assentimento.
had to do	90	But he did not like the work he had to do now.	Mas ele não gostou do trabalho que tinha que fazer agora.
go into the	90	He did not go into the question of means.	Ele não entrou na questão dos meios.
have been so	90	“I am a married man, and have been so for three years.	"Sou um homem casado, e tenho sido assim por três anos.
in a few minutes	89	I desired the girl, therefore, to let her mistress know that I should return in a few minutes, but on no account to say that she had spoken to me of M.	Eu desejei que a garota, portanto, deixasse sua amante saber que eu deveria voltar em poucos minutos, mas em nenhuma conta para dizer que ela tinha falado comigo de M.
i have told	89	'How can you so delude yourself, after what I have told you about her?	Como você pode se iludir depois do que eu lhe disse sobre ela?
you will see	89	You will see of what use this was to me in the sequel.	Você vai ver de que uso isso foi para mim na sequência.
there is something	89	Then there is something I dread more than the loss of all I love!	Então há algo que eu temo mais do que a perda de tudo que eu amo!
and could not	89	I sat for some time upon the bank intently gazing on her, and could not command fortitude enough to close the grave over her.	Eu sentei por algum tempo no banco olhando fixamente para ela, e não pude comandar a fortaleza o suficiente para fechar a sepultura sobre ela.
side by side	89	The phantom ‘rickshaw and I went side by side along the Chota Simla road in silence.	O fantasma 'rickshaw e eu fomos lado a lado pela estrada Chota Simla em silêncio.
you don t	89	So I answered: “Perhaps you don’t feel in the mood for writing.” “Yes I do--except when I look at this stuff.	Então eu respondi: "Talvez você não sinta vontade de escrever." "Sim, eu faço - exceto quando eu olho para essas coisas.
if he did	89	If he did, and if people believed him...	Se ele fez, e se as pessoas acreditavam nele...
he could see	89	I tell you that he could see _anything_ that a man could see.	Digo que ele podia ver qualquer coisa que um homem pudesse ver.
come back to	89	But these fancies were not marked enough not to be thrown off, and it is only in the light, or the gloom, I should rather say, of other and subsequent matters that they now come back to me.	Mas essas fantasias não foram marcadas o suficiente para não serem jogadas fora, e é apenas na luz, ou na escuridão, eu deveria dizer, de outros e assuntos subsequentes que agora voltam para mim.
if there were	89	The more I’ve watched and waited the more I’ve felt that if there were nothing else to make it sure it would be made so by the systematic silence of each.	Quanto mais eu vi e esperei, mais senti que se não houvesse mais nada para ter certeza de que seria feito pelo silêncio sistemático de cada um.
me to do	89	There was something new, on the spot, between us, and he was perfectly aware that I recognized it, though, to enable me to do so, he had no need to look a whit less candid and charming than usual.	Havia algo novo, no local, entre nós, e ele estava perfeitamente ciente de que eu reconheci, porém, para me permitir fazê-lo, ele não tinha necessidade de parecer um pouco menos sincero e encantador do que o habitual.
would have done	89	The revelation then of the manner in which Flora was affected startled me, in truth, far more than it would have done to find her also merely agitated, for direct dismay was of course not what I had expected.	A revelação então da maneira como Flora foi afetada me assustou, na verdade, muito mais do que teria feito para encontrá-la também apenas agitada, pois o desespero direto não era, claro, o que eu esperava.
so much the	89	173-174.] A magistrate, invested with such extensive powers, would have appeared not so much the minister, as the colleague of his sovereign.	Um magistrado, investido com poderes tão amplos, teria aparecido não tanto o ministro, como o colega de seu soberano.
we do not	89	We do not know how he came to Rome.	Não sabemos como ele veio a Roma.
what you are	89	Consider not what _he_ does, but what _you_ are to do to keep your own will in a state conformable to nature, for another cannot hurt you unless you please.	Considere não o que ele faz, mas o que você deve fazer para manter sua própria vontade em um estado conforme à natureza, pois outro não pode machucá-lo a menos que você queira.
it could not	89	It could not be Davies’s letter.	Não poderia ser a carta de Davies.
him when he	89	A pleasurable feeling of independence possessed him when he heard the glass doors swing to behind his back with a sort of imperfect baffled thud.	Um sentimento agradável de independência o possuiu quando ouviu as portas de vidro balançando para trás de suas costas com um tipo de baque imperfeito.
a few hours	89	But he longed for a more perfect rest—for sleep—for a few hours of delicious forgetfulness.	Mas ele ansiava por um descanso mais perfeito, para dormir, por algumas horas de delicioso esquecimento.
but i do	89	“No; I didn’t know,” he declared, with a sort of flabby stupidity, whose comical aspect was lost upon a woman haunted by the fear of the gallows, “but I do now.	"Não, eu não sabia", declarou ele, com uma espécie de estupidez flácida, cujo aspecto cômico foi perdido em uma mulher assombrada pelo medo da forca, "mas eu faço agora.
being able to	88	She confessed to me that if I could see but a reasonable hope of being able to effect her enfranchisement, she should deem herself indebted for my kindness in more than life itself could pay.	Ela me confessou que se eu pudesse ver apenas uma esperança razoável de ser capaz de efetuar sua concessão, ela deveria considerar-se endividada por minha bondade em mais do que a própria vida poderia pagar.
she would not	88	Manon furnished the supplies, for I was without a sou, and fearing that I might meet with some new impediment, she would not consent to my returning to my room at St.	Manon forneceu os suprimentos, pois eu estava sem um sou, e temendo que eu pudesse encontrar algum novo impedimento, ela não consentiria em meu retorno ao meu quarto em St.
the whole world	88	"Winter was approaching, and the whole world returning to town; the country had a deserted look.	"O inverno se aproximava, e o mundo inteiro voltava para a cidade; o país tinha um olhar deserto.
without a word	88	I do not now allude to the uneasiness your sudden flight caused me, nor to the unkindness of quitting me without a word of consolation, after having passed the night away from me.	Eu não alude agora à inquietação que sua fuga repentina me causou, nem à maldade de me deixar sem uma palavra de consolo, depois de ter passado a noite longe de mim.
but i could	88	I never learned the particulars of their conversation; but I could easily infer them from the disastrous results.	Eu nunca aprendi os detalhes de sua conversa, mas eu poderia facilmente inferir-los a partir dos resultados desastrosos.
have not been	88	But you cannot believe how much my nature is altered; those tears which you have so frequently seen me shed since quitting the French shore, have not been caused by my own misfortunes.	Mas você não pode acreditar o quanto minha natureza é alterada; aquelas lágrimas que você me viu tão frequentemente derramar desde que saiu da costa francesa, não foram causadas por meus próprios infortúnios.
once or twice	88	Once or twice I believe, I swayed forward on Pornic’s neck, and literally hung on by my spurs--as the marks next morning showed.	Uma ou duas vezes eu acredito, eu me inclinei para a frente no pescoço de Pornic, e literalmente pendurado por meus esporões - como as marcas na manhã seguinte mostraram.
had not seen	88	Gunga Dass had not seen it; and I fell to thinking that a man does not carry exploded cartridge-cases, especially “browns,” which will not bear loading twice, about with him when shooting.	Gunga Dass não tinha visto, e eu caí no pensamento de que um homem não carrega cartuchos explodidos, especialmente "browns", que não vai suportar carregar duas vezes, com ele quando atirar.
i must go	88	But, to-day, I greatly fear that my King is dead, and if I want a crown I must go hunt it for myself.	Mas, hoje, temo muito que meu Rei esteja morto, e se eu quiser uma coroa, devo ir caçá-la por mim mesmo.
to see how	88	“I sent that letter to Dravot,” said Carnehan, “and told him to come back because this Kingdom was growing too big for me to handle; and then I struck for the first valley, to see how the priests were working.	"Eu mandei essa carta para Dravot", disse Carnehan, "e disse a ele para voltar porque este Reino estava crescendo muito para mim, e então eu bati para o primeiro vale, para ver como os sacerdotes estavam trabalhando.
he could have	88	Then he was all for walking back alone and killing the priests with his bare hands; which he could have done.	Então ele foi tudo para voltar sozinho e matar os sacerdotes com as próprias mãos, o que ele poderia ter feito.
but you are	88	You are not afraid to be kicked, but you are afraid to die.	Você não tem medo de ser chutado, mas tem medo de morrer.
you did not	88	We fainted with our chins on the oars and you did not see that we were idle for we still swung to and fro.	Desmaiamos com os nossos queixos nos remos e você não viu que estávamos ociosos porque ainda agimos para lá e para cá.
but there was no	88	But there was no other change in nature, unless indeed it were a change that I saw with a stranger sharpness.	Mas não houve outra mudança na natureza, a menos que fosse uma mudança que eu vi com uma nitidez estranha.
have made a	88	“With me?” I must have made a wonderful face.	"Comigo?" Devo ter feito um rosto maravilhoso.
it seems to me	88	It seems to me indeed, in retrospect, that by the time the morrow’s sun was high I had restlessly read into the facts before us almost all the meaning they were to receive from subsequent and more cruel occurrences.	Parece-me, de fato, em retrospecto, que no momento em que o sol do dia seguinte estava alto, eu tinha lido incansavelmente os fatos diante de nós quase todo o significado que eles estavam a receber de ocorrências subseq ⁇ entes e mais cruéis.
know what to	88	I should not have been prompted, by stress of need, by desperation of mind—I scarce know what to call it—to invoke such further aid to intelligence as might spring from pushing my colleague fairly to the wall.	Eu não deveria ter sido solicitado, pelo estresse da necessidade, pelo desespero da mente - eu mal sei como chamá-lo - para invocar a ajuda adicional à inteligência que pode surgir de empurrar meu colega de forma justa para o muro.
and no one	88	But by the time I had drawn up level the _Medusa_ had worn round again on her course, and no one was on deck but Dollmann at the wheel.	Mas no momento em que eu tinha elaborado o nível que a Medusa tinha usado novamente em seu curso, e ninguém estava no convés, mas Dollmann ao volante.
what sort of	88	Now what _sort_ of coast is it?	Agora que tipo de costa é?
would like to	88	“As to wild fowl,” said our friend, “I would like to give you gentlemen some advice.	"Quanto às aves selvagens", disse nosso amigo, "Eu gostaria de dar a vocês cavalheiros alguns conselhos.
against the wall	88	I sidled away on all fours, rose and flattened myself erect against the wall, a sickening despondency on me; my intention to slink away south-east as soon as the coast was clear.	Eu me afastei de quatro, me levantei e me acomodei contra a parede, um desânimo doentio em mim; minha intenção de desviar para o sudeste assim que a costa estivesse limpa.
that he could not	88	He was terrified at the thought that he could not prove the use he made of his time ever since seven o’clock, for he had been skulking about Brett Street.	Ele estava aterrorizado com o pensamento de que não poderia provar o uso que fez de seu tempo desde as sete horas, pois ele estava skulking sobre Brett Street.
they have been	87	Pity if they have been separated!' I pretended not to hear, and kept as much out of sight as possible.	Pena se eles foram separados! Eu fingi não ouvir, e mantive o máximo de fora da vista possível.
could no longer	87	You know how to conquer, rapid enough; but you have yet to learn how to secure your conquests.' "I could no longer endure these remarks, every one of which struck a dagger to my heart.	Você sabe como conquistar, rápido o suficiente, mas você ainda tem que aprender a garantir suas conquistas. "Eu não poderia mais suportar essas observações, cada uma das quais atingiu um punhal no meu coração.
nothing but the	87	"'My dear chevalier,' said he to me, 'you shall hear nothing but the strict truth, of which I have assured myself by the most serious examination.	"Meu querido Chevalier", disse-me ele, "você não ouvirá nada além da verdade estrita, da qual eu me assegurei pelo exame mais sério.
not wish to	87	I did not wish to annoy him by appearing vigilant, so I left the room purposely for several minutes.	Eu não queria irritá-lo por parecer vigilante, então saí da sala propositadamente por vários minutos.
there could be	87	She said that it was impossible there could be a more enchanting project.	Ela disse que era impossível que houvesse um projeto mais encantador.
do you not	87	You love me, Manon, do you not?	Você me ama, Manon, não é?
down upon the	87	I then lay myself with my face down upon the grave, and closing my eyes with the determination never again to open them, I invoked the mercy of Heaven, and ardently prayed for death.	Então eu me deitei com o rosto no túmulo, e fechando meus olhos com a determinação de nunca mais abri-los, invoquei a misericórdia do Céu, e rezei ardentemente pela morte.
as if it were	87	“Give me the money,” said he; “all you have, or I will get help, and we will kill you!” All this as if it were the most natural thing in the world!	"Dê-me o dinheiro", disse ele, "tudo o que você tem, ou eu vou obter ajuda, e vamos matá-lo!" Tudo isso como se fosse a coisa mais natural do mundo!
had left the	87	I had left the world, it seemed, for centuries.	Eu tinha deixado o mundo, parecia, durante séculos.
you are going	87	We have kept away from the two things that make life worth having.” “You won’t enjoy your lives much longer if you are going to try this idiotic adventure.	Nós nos mantivemos longe das duas coisas que fazem a vida valer a pena ter. "Você não vai aproveitar suas vidas por muito mais tempo se você estiver indo para tentar esta aventura idiota.
took up the	87	The first of these touches conveyed that the written statement took up the tale at a point after it had, in a manner, begun.	O primeiro desses toques transmitiu que a declaração escrita retomava o conto em um ponto depois de ter, de certa forma, começado.
all the way	87	Late that night, while the house slept, we had another talk in my room, when she went all the way with me as to its being beyond doubt that I had seen exactly what I had seen.	Tarde daquela noite, enquanto a casa dormia, tivemos outra conversa no meu quarto, quando ela foi comigo até o fim, sobre o fato de que eu tinha visto exatamente o que eu tinha visto.
there can be	87	There can be little doubt that he is wrong, as Gallus did not approach the capital of Sabæa.	Pode haver pouca dúvida de que ele está errado, já que Gallus não se aproximou da capital de Sab ⁇ a.
him if he	87	With indefatigable diligence he soon collected an army sufficient either to meet Constantine in the field, or to attack him if he obstinately remained within his lines.	Com infatigável diligência, ele logo reuniu um exército suficiente para encontrar Constantine no campo, ou para atacá-lo se ele obstinadamente permanecesse dentro de suas linhas.
there may be	87	There may be much in what you say about the navigation of those channels, but it’s not enough.	Pode haver muito no que você diz sobre a navegação desses canais, mas não é suficiente.
nothing to do with	87	A glimmer of light, reflected from below, was wavering over the mizzen-mast and bumpkin; it had nothing to do with the riding-light, which hung on the forestay.	Um lampejo de luz, refletido de baixo, estava oscilando sobre o mastro de mizzen e bumpkin; não tinha nada a ver com a luz de equitação, que pairava na floresta.
if i have	87	“If I have to leave him I shan’t be missed—as an able seaman, at least.	"Se eu tiver que deixá-lo, eu não sentirei falta, pelo menos como um marinheiro capaz.
i am glad	87	“I am glad there’s somebody over at your shop who thinks that the Secretary of State may be trusted now and then.” The Assistant Commissioner had an amused smile.	"Estou feliz que haja alguém em sua loja que acha que o Secretário de Estado pode ser confiável de vez em quando." O Comissário Assistente tinha um sorriso divertido.
i am so	87	And now I have delivered you, and I am so happy.” She ceased, and the tears came into her eyes.	E agora eu te entreguei, e estou tão feliz." Ela cessou, e as lágrimas vieram em seus olhos.
i will do	87	“Of _one_ thing, my dear sister,” kindly taking her hand, and speaking in an awful whisper, “I may assure you;—and I _will_ do it, because I know it must gratify you.	"De uma coisa, minha querida irmã", gentilmente tomando a mão dela, e falando em um terrível sussurro, "Eu posso assegurar-lhe, e eu vou fazer isso, porque eu sei que deve satisfazê-lo.
but if i	86	"I do not press you," said I to him, "to make me the confidant of your secrets; but if I can be of use to you in any way, I gladly tender you my services." "Alas!" replied he, "I see not the slightest ray of hope.	"Eu não pressiono você", disse-lhe, "para me fazer o confidente de seus segredos, mas se eu posso ser útil para você de alguma forma, eu de bom grado lhe oferecer meus serviços." "Ai!" respondeu ele, "Eu não vejo o menor raio de esperança.
have told you	86	'How can you so delude yourself, after what I have told you about her?	Como você pode se iludir depois do que eu lhe disse sobre ela?
what he said	86	"What he said, however, did not fail to make some impression upon me.	"O que ele disse, no entanto, não deixou de causar alguma impressão em mim.
he has not	86	He has not yet acquired much of the ton of Paris; but no doubt with a little trouble we shall improve him.	Ele ainda não adquiriu grande parte da tonelada de Paris, mas sem dúvida, com um pouco de dificuldade, vamos melhorá-lo.
when we were	86	"When we were about getting out at Lescaut's, I had a new difficulty with the coachman, which was attended with the most unfortunate results.	"Quando estávamos prestes a sair na Lescaut's, tive uma nova dificuldade com o cocheiro, que teve os resultados mais infelizes.
first of all	86	"We first of all considered what expedient we could make use of for keeping him out so long a time.	"Primeiro, consideramos o expediente que poderíamos usar para mantê-lo fora por tanto tempo.
a low voice	86	Although I had nothing to apprehend from the other servants, I asked him in a low voice if he could conduct me unseen into the room in which Manon was.	Embora eu não tivesse nada para prender dos outros servos, eu perguntei em voz baixa se ele poderia me conduzir invisível para a sala em que Manon estava.
the first thing	86	Alarmed by what he saw, this fellow retraced his steps, and the first thing he did was to go and inform old G---- M---- of what had just happened.	Alarmado com o que viu, este sujeito retraçou seus passos, e a primeira coisa que ele fez foi ir e informar o velho G---- M----- do que tinha acabado de acontecer.
though he had	86	Polder behaves as though he had been placed under eternal obligation by Rickett, and yearly sends the little Ricketts a box of presents and toys.	Polder se comporta como se tivesse sido colocado sob eterna obrigação por Rickett, e anualmente envia ao pequeno Ricketts uma caixa de presentes e brinquedos.
me when i	86	I must have talked for about ten minutes or so, though it seemed an eternity to me, when I heard Kitty’s clear voice outside inquiring for me.	Devo ter falado por uns dez minutos, embora parecesse uma eternidade para mim, quando ouvi a voz clara de Kitty lá fora perguntando por mim.
and there are	86	“I, Jack Pansay, am in Simla and there are no ghosts here.	"Eu, Jack Pansay, estou em Simla e não há fantasmas aqui.
had begun to	86	Then, being only a man after all, I felt hungry, and intimated as much to Gunga Dass, whom I had begun to regard as my natural protector.	Então, sendo apenas um homem, afinal, eu senti fome, e insinuei tanto para Gunga Dass, a quem eu tinha começado a considerar como meu protetor natural.
don t you	86	“Don’t you know me?” he gasped, dropping into a chair, and he turned his drawn face, surmounted by a shock of gray hair, to the light.	"Você não me conhece?", ele gasou, caindo em uma cadeira, e ele virou o rosto desenhado, encimado por um choque de cabelos grisalhos, para a luz.
they are all	86	Some are not so hard-looking as others, but they are all the same when you touch.	Alguns não são tão bonitos quanto outros, mas são todos iguais quando você toca.
point of view	86	But I recognized Grish Chunder’s point of view and sympathized with it.	Mas eu reconheci o ponto de vista de Grish Chunder e simpatizei com ele.
each other in	86	He knew me as well as I knew him; and so, in the cold, faint twilight, with a glimmer in the high glass and another on the polish of the oak stair below, we faced each other in our common intensity.	Ele me conhecia tão bem quanto eu o conhecia; e assim, no frio e fraco crepúsculo, com um brilho no copo alto e outro no polonês da escada de carvalho abaixo, nos deparamos em nossa intensidade comum.
out of the room	86	She had known suddenly, as she lay there, that I was out of the room, and had jumped up to see what had become of me.	Ela sabia de repente, enquanto estava lá, que eu estava fora da sala, e pulou para ver o que tinha acontecido comigo.
if it had been	86	11) suggested to them the expedient of deserting; a counsel which, if it had been generally known, was not very proper to conciliate the favor of the emperors towards the Christian sect.	11) sugeriu-lhes o expediente de desertar; um conselho que, se fosse geralmente conhecido, não era muito apropriado para conciliar o favor dos imperadores em relação à seita cristã.
all about it	86	They said there was a pilot chap living at the mouth who would tell us all about it.	Disseram que havia um piloto vivendo na boca que nos contaria tudo.
want to know	86	Besides, the ridge is the critical point when you’re crossing on a falling tide, and you want to know when you’re past it.” We pushed on till our path was barred by a big lagoon.	Além disso, o cume é o ponto crítico quando você está atravessando uma maré que cai, e você quer saber quando você está passado. "Nós empurramos até que nosso caminho foi barrado por uma grande lagoa.
they do not	86	“Ignorant, that is, of her father’s treasonable machinations; but aware, clearly, that they were English refugees with a past to hide.” I said other things, but they do not matter.	"Ignorante, isto é, das maquinações traiçoeiras de seu pai, mas ciente, claramente, que eles eram refugiados ingleses com um passado a esconder." Eu disse outras coisas, mas eles não importam.
will have to	86	I’ve this matter in hand now, and I tell you plainly that you will have to earn your money.	Eu tenho esse assunto em mãos agora, e eu digo claramente que você terá que ganhar seu dinheiro.
i am sorry	86	He’s gone out.” “I am sorry for that.	Ele saiu." "Sinto muito por isso.
give me the	85	I remarked that my father was doubtful whether he should give me the explanation or not.	Observei que meu pai duvidava se deveria me dar a explicação ou não.
quarter of an hour	85	I would have given a thousand lives to be but for one quarter of an hour in Paris.	Eu teria dado mil vidas para ser, mas por um quarto de hora em Paris.
if he would	85	"As I had nothing more to do than to procure the linen and clothes for Manon, I told him that we might start almost immediately, if he would be so good as to wait for me a moment while I went into one or two shops.	"Como eu não tinha nada mais a fazer do que comprar o linho e a roupa para Manon, eu disse a ele que poderíamos começar quase imediatamente, se ele fosse tão bom a ponto de esperar por mim um momento enquanto eu entrava em uma ou duas lojas.
such a man	85	He told me, in the kindest tone, that he bitterly lamented my bad conduct; that I had committed a gross indiscretion in making an enemy of such a man as M.	Ele me disse, no tom mais gentil, que lamentava amargamente minha má conduta; que eu tinha cometido uma grave indiscrição em tornar um inimigo de um homem como M.
men and women	85	One may see ghosts of men and women, but surely never of coolies and carriages.	Pode-se ver fantasmas de homens e mulheres, mas certamente nunca de coolies e carruagens.
come out of	85	I would take it more than kind of you if you was to come out of Central India in time to catch him at Marwar Junction, and say to him, ‘He has gone South for the week.’ He’ll know what that means.	Eu tomaria mais do que gentil de você se você fosse sair da  ⁇ ndia Central a tempo de pegá-lo em Marwar Junction, e dizer a ele: 'Ele foi para o sul por uma semana.' Ele vai saber o que isso significa.
know what you	85	I’ve drilled the men and shown the people how to stack their oats better; and I’ve brought in those tinware rifles from Ghorband--but I know what you’re driving at.	Eu treinei os homens e mostrei ao povo como empilhar melhor a aveia, e eu trouxe aqueles rifles da Ghorband, mas eu sei o que você está dirigindo.
of them were	85	80 Four of them were immediately rejected as unequal to the burden; and among these was Laodicea, whose splendor is still displayed in its ruins.	80 Quatro deles foram imediatamente rejeitados como desiguais ao fardo; e entre eles estava Laodicéia, cujo esplendor ainda é exibido em suas ruínas.
if there is	85	And yet, if there is any truth in the scarcity mentioned by Eusebius, (in Vit.	E ainda, se há alguma verdade na escassez mencionada por Eusébio, (em Vit.
i should think	85	“I should think not,” I protested.	"Eu deveria pensar que não", eu protestei.
all at once	85	All at once we were jolting in a tumble of sea, and the channel grudgingly disclosed itself, stealing between marshes and meadows and then broadening to a mere, as at Ekken.	De repente, estávamos sacudindo em uma queda de mar, e o canal relutantemente se revelou, roubando entre pântanos e prados e, em seguida, ampliando para um mero, como em Ekken.
why did you	85	Why did you harp on ducks?” “We could have got out of that.	Por que você harpa em patos?" "Nós poderíamos ter saído disso.
all of them	85	There seemed to be very few passengers aboard, but all of them were gazing at the _Dulcibella_ while the packet was warped alongside.	Parecia haver muito poucos passageiros a bordo, mas todos eles estavam olhando para o Dulcibella enquanto o pacote estava deformado ao lado.
out his hand	85	Overcoming his physical repugnance, Chief Inspector Heat stretched out his hand without conviction for the salving of his conscience, and took up the least soiled of the rags.	Superando sua repugnância física, o Inspetor-Chefe Heat estendeu a mão sem convicção para a salvação de sua consciência, e pegou o menos sujo dos trapos.
i have come	85	I then console myself by saying: “I have come through the door of Dismay; and the way back from the world into which that has led me, is through my tomb.	Então me consolo dizendo: "Eu vim pela porta do Desânimo, e o caminho de volta do mundo para o qual isso me levou, é através do meu túmulo.
one by one	85	There was a bench at the end of the path, and we all sat down while Holmes examined, one by one, the articles which Lestrade had handed to him.	Havia um banco no final do caminho, e todos nos sentamos enquanto Holmes examinava, um por um, os artigos que Lestrade havia entregue a ele.
he had just	84	He replied, that he had just arrived, by sea, from Havre, where he had lately landed from America.	Ele respondeu que tinha acabado de chegar, pelo mar, de Havre, onde ele tinha desembarcado recentemente da América.
would never have	84	She would never have wished to possess a sou, if pleasure could be procured without money.	Ela nunca teria desejado possuir um sou, se o prazer pudesse ser obtido sem dinheiro.
you have done	84	yes,' he replied, 'she has been these last two months at the Magdalen learning to be prudent, and I trust she has improved herself as much there, as you have done at St.	"Sim", respondeu ele, "ela esteve nos últimos dois meses no Magdalen aprendendo a ser prudente, e eu confio que ela melhorou tanto lá, como você fez em St.
he did so	84	This he did so gracefully, that I felt no shame in accepting his present.	Isso ele fez tão graciosamente, que eu não senti vergonha em aceitar o presente dele.
but you must	84	'They have deceived you too,' said I, 'my poor girl--they have deceived you; you are a woman, and probably wish for a lover; but you must find one who is rich and happy, and it is not here you will find him.	"Eles te enganaram também", disse eu, "minha pobre garota - eles te enganaram; você é uma mulher, e provavelmente deseja um amante; mas você deve encontrar alguém que é rico e feliz, e não é aqui que você vai encontrá-lo.
in a low voice	84	Although I had nothing to apprehend from the other servants, I asked him in a low voice if he could conduct me unseen into the room in which Manon was.	Embora eu não tivesse nada para prender dos outros servos, eu perguntei em voz baixa se ele poderia me conduzir invisível para a sala em que Manon estava.
i had seen	84	I had seen a steel engraving of him at the head of a double volume of Memoirs a month before, and I felt ancient beyond telling.	Eu tinha visto uma gravura de aço dele na cabeça de um volume duplo de Memórias um mês antes, e eu me senti antigo além de dizer.
and had been	84	His saddle, a favorite polo one was much knocked about, and had been twisted under his belly.	Sua sela, um polo favorito, estava muito abalada, e tinha sido torcida sob sua barriga.
at the same moment	84	As I led Pornic over the sands I was startled by the faint pop of a rifle across the river; and at the same moment a bullet dropped with a sharp “_whit_” close to Pornic’s head.	Enquanto eu conduzia o Pornic sobre as areias, fiquei assustado com o leve estouro de um rifle do outro lado do rio; e, ao mesmo tempo, uma bala caiu com um afiado "_whit_" perto da cabeça do Pornic.
now i am	84	Now I am dead man and eat”--here he eyed the well-gnawed breast bone with the first sign of emotion that I had seen in him since we met--“crows, and other things.	Agora eu sou um homem morto e comi. Aqui ele olhou para o osso do peito bem roído com o primeiro sinal de emoção que eu tinha visto nele desde que nos conhecemos.
all the other	84	All the other wretched inhabitants had retired to their lairs long ago.	Todos os outros habitantes miseráveis se retiraram para seus coviles há muito tempo.
i can tell you	84	Billy Fish was the first, and I can tell you we scared the soul out of him.	Billy Fish foi o primeiro, e eu posso dizer que nós assustamos a alma dele.
like to see	84	Do do something to the notion soon; I should like to see it written and printed.” “But all you’ve told me would make a long book.” “Make it then.	Faça algo com a noção em breve; Eu gostaria de vê-lo escrito e impresso. "Mas tudo o que você me disse seria um livro longo." "Faça isso então.
might as well	84	I might as well tell a tale of two thousand years hence.	Eu poderia contar uma história de dois mil anos daqui.
has not been	84	It’s in a locked drawer—it has not been out for years.	Está em uma gaveta trancada. Não está fora há anos.
upon him and	84	I threw myself upon him and in the tenderness of my pity I embraced him.	Eu me joguei sobre ele e na ternura da minha piedade eu o abracei.
the most part	84	6) concerning their number, their names, and their respective property, that for the most part I have quoted them without distinction, under the general and well-known title of the _Augustan History_.	6) a respeito de seu número, seus nomes, e suas respectivas propriedades, que na maior parte eu citei-os sem distinção, sob o título geral e bem conhecido da História Augustana.
the other two	84	The defence of the Euphrates was intrusted to eight legions, six of whom were planted in Syria, and the other two in Cappadocia.	A defesa do Eufrates foi confiada a oito legiões, seis das quais foram plantadas na Síria, e as outras duas na Capadócia.
an old man	84	He deserved his fate; but we should find more reason to applaud the humanity of Constantine, if he had spared an old man, the benefactor of his father, and the father of his wife.	Ele merecia seu destino, mas deveríamos encontrar mais razões para aplaudir a humanidade de Constantino, se ele tivesse poupado um velho, o benfeitor de seu pai, e o pai de sua esposa.
a man s	84	A man’s master is he who is able to confer or remove whatever that man seeks or shuns.	O mestre de um homem é aquele que é capaz de conferir ou remover o que ele procura ou evita.
the day before	84	The exact arrangement made on the day before the fatal voyage was that the two yachts should meet in the evening at Cuxhaven and proceed up the river together.	O arranjo exato feito no dia anterior à viagem fatal era que os dois iates deveriam se reunir à noite em Cuxhaven e subir o rio juntos.
went up to	84	I went up to meet him with our receipt for dues, which he signed carelessly.	Fui encontrá-lo com nosso recibo de dívidas, que ele assinou descuidadamente.
why should i	84	Why should I want to deceive you?” “That’s just what I want to know.	Por que eu deveria querer enganá-lo?" "Isso é exatamente o que eu quero saber.
him but he	84	He might have sent for him; but he does it for the sake of a little exercise, I suppose.	Ele pode ter mandado buscá-lo, mas ele faz isso por causa de um pequeno exercício, eu acho.
on each side	84	From the head, set upward on a thick neck, the eyes, with puffy lower lids, stared with a haughty droop on each side of a hooked aggressive nose, nobly salient in the vast pale circumference of the face.	A partir da cabeça, colocada para cima em um pescoço grosso, os olhos, com tampas inferiores inchadas, olhavam com um droop arrogante em cada lado de um nariz agressivo enganchado, nobremente saliente na vasta circunferência pálida do rosto.
he had said	84	Before that silence he felt ashamed of what he had said.	Antes desse silêncio, ele se sentia envergonhado do que tinha dito.
come with me	84	You may come with me, if you will.” In another moment they were in the street, hurrying along towards one of the bridges over the Moldau.	Você pode vir comigo, se quiser." Em outro momento, eles estavam na rua, correndo em direção a uma das pontes sobre o Moldau.
that he did not	83	My brother answered, that I appeared to him so tranquil upon the road, that he did not suppose I required this remedy to cure me of my folly.	Meu irmão respondeu, que eu lhe parecia tão tranquilo na estrada, que ele não supôs que eu precisava deste remédio para me curar da minha loucura.
every one of	83	You know how to conquer, rapid enough; but you have yet to learn how to secure your conquests.' "I could no longer endure these remarks, every one of which struck a dagger to my heart.	Você sabe como conquistar, rápido o suficiente, mas você ainda tem que aprender a garantir suas conquistas. "Eu não poderia mais suportar essas observações, cada uma das quais atingiu um punhal no meu coração.
put an end	83	"I was on the point of coming to an understanding with him, in order to put an end to the system, when an unfortunate accident saved me that trouble, by involving us in inextricable ruin.	"Estava prestes a chegar a um acordo com ele, para acabar com o sistema, quando um infeliz acidente me salvou desse problema, envolvendo-nos em uma ruína inextricável.
it seemed to me	83	As it seemed to me impossible to escape the visit of G---- M----, and perhaps equally so to prevent him from making his declaration to Manon, I resolved to tell her beforehand of the designs of my new rival.	Como me parecia impossível escapar da visita de G---- M-----, e talvez igualmente para impedi-lo de fazer sua declaração a Manon, resolvi contar-lhe de antemão os projetos do meu novo rival.
we should have	83	In order to reach them, we should have to traverse deserts of many days' journey, and more than one range of mountains so steep and vast as to seem almost impassable to the strongest man.	A fim de alcançá-los, devemos ter que atravessar desertos de muitos dias de viagem, e mais de uma gama de montanhas tão íngremes e vastas que parecem quase intransitáveis para o homem mais forte.
i am now	83	Lucraft and Other Stories.” I am now in the Opposition.	Lucraft e outras histórias." Estou agora na oposição.
matter of fact	83	As a matter of fact there was; but it was by no means what I had looked for.	Na verdade, havia, mas não era o que eu procurava.
those who have	83	Those who have once heard that will never forget the sound.	Aqueles que já ouviram isso nunca esquecerão o som.
one of us	83	(Three) That we conduct ourselves with Dignity and Discretion, and if one of us gets into trouble the other will stay by him.	Que nos conduzimos com dignidade e discrição, e se um de nós se meter em problemas, o outro ficará por ele.
i should say	83	“What a scoundrel!” “I should say he was.	"Que canalha!" "Eu diria que ele era.
but did not	83	Charlie smiled, but did not answer.	Charlie sorriu, mas não respondeu.
i dare say	83	It was precisely, in short, by just clutching the helm that I avoided total wreck; and I dare say that, to bear up at all, I became, that morning, very grand and very dry.	Foi precisamente, em suma, agarrando o leme que eu evitei a destruição total, e eu ouso dizer que, para suportar em tudo, eu me tornei, naquela manhã, muito grande e muito seco.
for the most part	83	6) concerning their number, their names, and their respective property, that for the most part I have quoted them without distinction, under the general and well-known title of the _Augustan History_.	6) a respeito de seu número, seus nomes, e suas respectivas propriedades, que na maior parte eu citei-os sem distinção, sob o título geral e bem conhecido da História Augustana.
on both sides	83	The civil war lasted many days, with infinite loss and confusion on both sides.	A guerra civil durou muitos dias, com perda infinita e confusão em ambos os lados.
he should have	83	As it was his general practice to allegorize Scripture, it seems unfortunate that in this instance only, he should have adopted the literal sense.] 97 (return) [ Cyprian.	Como era sua prática geral para alegorizar as Escrituras, parece lamentável que neste caso apenas, ele deveria ter adotado o sentido literal.
those who are	83	Those who are inclined to pursue this reflection, instead of viewing with astonishment the rapid progress of Christianity, will perhaps be surprised that its success was not still more rapid and still more universal.	Aqueles que estão inclinados a buscar essa reflexão, em vez de ver com espanto o rápido progresso do cristianismo, talvez se surpreendam que seu sucesso não tenha sido ainda mais rápido e ainda mais universal.
there are many	83	“I say,” he said, when he was settled in his, and darkness reigned, “do you think you’ll like this sort of thing?” “If there are many places about here as beautiful as this,” I replied, “I think I shall.	"Eu digo", ele disse, quando ele se estabeleceu em sua, e a escuridão reinou, "você acha que vai gostar desse tipo de coisa?" "Se houver muitos lugares aqui tão bonitos como este", eu respondi: "Eu acho que vou.
did not come	83	Ossipon after waiting for something, word or sign, that did not come, made an effort to assume a sort of indifference.	Ossipon depois de esperar por algo, palavra ou sinal, que não veio, fez um esforço para assumir uma espécie de indiferença.
did not think	83	Mrs Verloc, who thought in images, was not troubled now by visions, because she did not think at all.	A Sra. Verloc, que pensava em imagens, não estava perturbada agora por visões, porque ela não pensava em nada.
i do not think	83	There were plenty of snakes, however, and I do not think they were all harmless; but none ever bit me.	Havia muitas cobras, no entanto, e eu não acho que todas elas eram inofensivas, mas nenhuma nunca me mordeu.
gave me a	82	Manon gave me a kiss, and escaping from my arms, quickly entered the boudoir, turning the key after her.	Manon me deu um beijo, e fugindo dos meus braços, rapidamente entrou no boudoir, virando a chave atrás dela.
you know how	82	You know how to conquer, rapid enough; but you have yet to learn how to secure your conquests.' "I could no longer endure these remarks, every one of which struck a dagger to my heart.	Você sabe como conquistar, rápido o suficiente, mas você ainda tem que aprender a garantir suas conquistas. "Eu não poderia mais suportar essas observações, cada uma das quais atingiu um punhal no meu coração.
put an end to	82	"I was on the point of coming to an understanding with him, in order to put an end to the system, when an unfortunate accident saved me that trouble, by involving us in inextricable ruin.	"Estava prestes a chegar a um acordo com ele, para acabar com o sistema, quando um infeliz acidente me salvou desse problema, envolvendo-nos em uma ruína inextricável.
a second time	82	I knocked a second time before he heard me; and supposing of course that it was one of the priests who was taken ill and wanted assistance, he got out of bed, dressed himself, and came to the door.	Bati uma segunda vez antes que ele me ouvisse, e supondo que era um dos sacerdotes que estava doente e queria ajuda, ele saiu da cama, se vestiu e veio até a porta.
got out of	82	I knocked a second time before he heard me; and supposing of course that it was one of the priests who was taken ill and wanted assistance, he got out of bed, dressed himself, and came to the door.	Bati uma segunda vez antes que ele me ouvisse, e supondo que era um dos sacerdotes que estava doente e queria ajuda, ele saiu da cama, se vestiu e veio até a porta.
he had had	82	He first enquired of the servant what his son had been doing that afternoon; whether he had had any quarrel on his own account, or interfered in any other; whether he had been in any suspicious house.	Primeiro perguntou ao servo o que seu filho estava fazendo naquela tarde; se ele tinha tido alguma briga por conta própria, ou interferiu em qualquer outro; se ele tinha estado em qualquer casa suspeita.
he will not	82	The governor is civil and obliging; he has already given us marks of his consideration; he will not allow us to want for necessaries.	O governador é civil e obligativo, já nos deu marcas de sua consideração, não nos permitirá querer por necessidades.
and tell me	82	“Agnes,” said I, “will you put back your hood and tell me what it all means?” The hood dropped noiselessly, and I was face to face with my dead and buried mistress.	"Agnes," eu disse, "você vai colocar de volta seu capuz e me dizer o que tudo isso significa?" O capuz caiu silenciosamente, e eu estava cara a cara com minha amante morta e enterrada.
not more than	82	By my reckoning it’s the top right-hand corner of Afghanistan, not more than three hundred miles from Peshawar.	Pelo meu acerto de contas, é o canto superior direito do Afeganistão, a menos de 300 milhas de Peshawar.
and told him	82	“I sent that letter to Dravot,” said Carnehan, “and told him to come back because this Kingdom was growing too big for me to handle; and then I struck for the first valley, to see how the priests were working.	"Eu mandei essa carta para Dravot", disse Carnehan, "e disse a ele para voltar porque este Reino estava crescendo muito para mim, e então eu bati para o primeiro vale, para ver como os sacerdotes estavam trabalhando.
had reached the	82	The apparition had reached the landing halfway up and was therefore on the spot nearest the window, where at sight of me, it stopped short and fixed me exactly as it had fixed me from the tower and from the garden.	A aparição tinha chegado ao pouso no meio do caminho e estava, portanto, no local mais próximo da janela, onde à minha vista, parou curto e me fixou exatamente como me fixou da torre e do jardim.
they must have	82	“Oh, yes,” he nevertheless replied—“they must have repeated them.	"Oh, sim", ele respondeu, "eles devem tê-los repetido.
there are some	82	There are some trifling differences concerning the circumstances of the last defeat and death of Aureolus] 8 (return) [ Aurelius Victor in Gallien.	Há algumas diferenças insignificantes sobre as circunstâncias da última derrota e morte de Aureolus 8 (retorno) [Aurelius Victor em Gallien.
good deal of	82	I say, you’ve brought a good deal of stuff,” he concluded, as my belongings began to collect.	Eu digo, você trouxe um monte de coisas", concluiu ele, enquanto meus pertences começavam a se acumular.
a good deal of	82	I say, you’ve brought a good deal of stuff,” he concluded, as my belongings began to collect.	Eu digo, você trouxe um monte de coisas", concluiu ele, enquanto meus pertences começavam a se acumular.
did not seem to	82	There were only slumbering embers in it, but he did not seem to notice that.	Havia apenas brasas adormecidas, mas ele não parecia notar isso.
between him and	82	She was first called to observe and approve him farther, by a reflection which Elinor chanced one day to make on the difference between him and his sister.	Ela foi chamada pela primeira vez para observá-lo e aprová-lo ainda mais, por uma reflexão que Elinor teve a chance de fazer um dia sobre a diferença entre ele e sua irmã.
had time to	81	de B---- had had time to go down by the back staircase.	De B---- tinha tido tempo de descer pela escadaria de trás.
they would not	81	I had sense enough, however, to know that having so openly declared my intention, they would not easily allow me to quit my chamber.	Eu tinha o suficiente, no entanto, para saber que tendo declarado tão abertamente minha intenção, eles não me permitiriam sair facilmente do meu quarto.
but when i	81	"It has never been matter of wonder to me that human resolutions are liable to change; one passion gives them birth, another may destroy them; but when I reflect upon the sacredness of those motives that led me to St.	"Nunca foi motivo de admiração para mim que as resoluções humanas sejam passíveis de mudar; uma paixão lhes dá nascimento, outra pode destruí-las; mas quando eu reflito sobre a sacralidade dos motivos que me levaram a St.
any more than	81	Manon's chief virtue assuredly was not economy, any more than it was mine.	A principal virtude de Manon certamente não era economia, assim como não era minha.
me to go	81	He advised me to go immediately to the lieutenant of police, and to give information also to the Grand Provost of Paris.	Ele me aconselhou a ir imediatamente ao tenente da polícia, e dar informações também ao Grande Reitor de Paris.
the day after	81	He arrived the day after my imprisonment.	Ele chegou no dia seguinte à minha prisão.
would have had	81	You would then have been her advocate; you would have abhorred the foul artifices of G---- M----; you would have had pity on both her and me.	Você teria sido o advogado dela, teria abominado os artifícios sujos de G---- M----; você teria tido pena dela e de mim.
will give you	81	“_Now_ I will give you something to eat,” said he.	"Agora vou te dar algo para comer", disse ele.
no one could	81	‘Luck again,’ says Dravot, across the Lodge, to me; ‘they say it’s the missing Mark that no one could understand the why of.	"Azar de novo", diz Dravot, do outro lado da Loja, para mim; "eles dizem que é a marca perdida que ninguém poderia entender o porquê.
so much to	81	But there’s so much to be done in every place--Bashkai, Khawak, Shu, and everywhere else.’ “‘What is it?’ I says.	Mas há muito a ser feito em todos os lugares - Bashkai, Khawak, Shu, e em todos os outros lugares.
might not be	81	I spoke under the normal key of my voice that the current might not be broken, and I know that he was not aware of what he was saying, for his thoughts were out on the sea with Longfellow.	Falei sob a chave normal da minha voz que a corrente não poderia ser quebrada, e sei que ele não estava ciente do que estava dizendo, pois seus pensamentos estavam no mar com Longfellow.
would have to	81	My quickness would have to be remarkable, however, and the question of a conveyance was the great one to settle.	Minha rapidez teria que ser notável, no entanto, e a questão de um transporte era a melhor para resolver.
many of them	81	The notes of Wenck are extremely valuable; many of them have been adopted by M.	As notas de Wenck são extremamente valiosas; muitas delas foram adotadas por M.
more than half	81	In a third he states that the Christians formed more than half the population.	Em um terço, ele afirma que os cristãos formaram mais da metade da população.
sat down to	81	A momentary thrill of curiosity broke in upon my depression as I sat down to open it.	Uma emoção momentânea de curiosidade invadiu minha depressão enquanto me sentava para abri-la.
and let me	81	Never till this night had we talked with absolute mutual confidence, for Davies broke down the last barriers of reserve and let me see his whole mind.	Nunca até esta noite tínhamos conversado com absoluta confiança mútua, pois Davies quebrou as últimas barreiras de reserva e deixe-me ver toda a sua mente.
are you going to	81	We shall be companions.” “Are you going to England, too, sir?” I asked, with hot misgivings.	Seremos companheiros. "Você vai para a Inglaterra também, senhor?" Eu perguntei, com fortes dúvidas.
closed the door	81	He closed the door behind their backs with restrained violence, turned the key, shot the bolt.	Ele fechou a porta atrás das costas com violência contida, virou a chave, atirou no parafuso.
his right hand	81	I The king sat on his throne Glowing in gold and red; The crown in his right hand shone, And the gray hairs crowned his head.	Eu, o rei, sentei-me em seu trono, resplandecendo de ouro e vermelho; a coroa em sua mão direita brilhou, e os cabelos grisalhos coroaram sua cabeça.
left the room	80	I addressed a few words to his mistress before I left the room.	Mandei algumas palavras para sua amante antes de sair do quarto.
what i had	80	Still, I dared not recall what I had heard the moment before.	Ainda assim, não me atrevi a lembrar o que tinha ouvido no momento anterior.
of what had	80	"He then enquired why I had never thought of informing my family of what had taken place, since they had not been instrumental to my incarceration.	"Ele então perguntou por que eu nunca tinha pensado em informar minha família sobre o que tinha acontecido, já que eles não tinham sido fundamentais para o meu encarceramento.
came to me	80	"The only servant we had came to me one day, with great embarrassment, and taking me aside, told me that he had a secret of the utmost importance to communicate to me.	"O único servo que um dia veio até mim, com grande constrangimento, e me levando de lado, me disse que ele tinha um segredo da maior importância para se comunicar comigo.
to go out	80	Go, leave me here alone!' She made me a curtsy without uttering a word, and turned to go out.	Vai, me deixe aqui em paz! Ela me fez um curtisy sem dizer uma palavra, e virou-se para sair.
too much for	80	Are you ill?” Thus driven into a direct lie, I said that the sun had been a little too much for me.	Assim, levado a uma mentira direta, eu disse que o sol tinha sido um pouco demais para mim.
man who has	80	He gave me the name of a well-known man who has been buried for more than a quarter of a century, and showed me an ancient daguerreotype of that man in his prehistoric youth.	Ele me deu o nome de um homem bem conhecido que foi enterrado por mais de um quarto de século, e me mostrou um antigo daguerreótipo desse homem em sua juventude pré-histórica.
after a long	80	After a long, long while the game stopped, and the door banged.	Depois de muito, muito tempo, o jogo parou, e a porta bateu.
in those days	80	In those days I was Brahmin and proud man.	Naqueles dias eu era Brahmin e homem orgulhoso.
going to do	80	What is Your Worship going to do?” I had taken Gunga Dass by the waist and had hauled him on to the platform opposite the deserted burrow.	O que sua adoração vai fazer? "Eu tinha tomado Gunga Dass pela cintura e tinha levado-o para a plataforma em frente à toca deserta.
over his shoulder	80	He burned half his beard, and slung a sheepskin over his shoulder, and shaved his head into patterns.	Ele queimou metade da barba, e jogou uma pele de carneiro sobre o ombro, e raspou a cabeça em padrões.
have to do	80	Grose appeared to me on the spot a creature so charming as to make it a great fortune to have to do with her.	Grose me pareceu uma criatura tão encantadora que fez dela uma grande fortuna.
could be no	80	There was a Sunday—to get on—when it rained with such force and for so many hours that there could be no procession to church; in consequence of which, as the day declined, I had arranged with Mrs.	Houve um domingo para começar quando choveu com tanta força e por tantas horas que não poderia haver procissão para a igreja; em conseq ⁇ ência disso, como o dia declinou, eu tinha arranjado com a Sra.
all this time	80	Where, all this time, was Flora?	Onde, todo esse tempo, estava Flora?
he had already	80	He had already disappeared when, on my way down, I pushed open his door, and I learned below that he had breakfasted—in the presence of a couple of the maids—with Mrs.	Ele já havia desaparecido quando, ao descer, abri a porta dele, e soube abaixo que ele tinha feito o café da manhã - na presença de algumas empregadas - com a Sra.
he had found	80	It was indeed as if he had found even now—as he had so often found at lessons—still some other delicate way to ease me off.	Era como se ele tivesse encontrado mesmo agora - como ele tinha encontrado tantas vezes nas aulas - ainda alguma outra maneira delicada para me aliviar.
that there are	80	Malte Brun considers that there are strong grounds for receiving the Islandic traditions commented by the Danish Varro, M.	Malte Brun considera que há fortes motivos para receber as tradições insulares comentadas pelo dinamarquês Varro, M.
can be no	80	C., an embassy which arrived from Tathsin, and was sent by a prince called An-thun, who can be no other than Marcus Aurelius Antoninus, who then ruled over the Romans.	C., uma embaixada que chegou de Tathsin, e foi enviada por um príncipe chamado Anthun, que não pode ser outro senão Marco Aurélio Antonino, que então governou os romanos.
after a few	80	“The heavy battle fleets are all very well,” he used to say, “but if the sides are well matched there might be nothing left of them after a few months of war.	"As frotas de batalha pesada estão muito bem", ele costumava dizer, "mas se os lados estão bem combinados, pode não haver nada deles depois de alguns meses de guerra.
when he heard	80	It was a polite but sleepy port-officer, who asked in a perfunctory way for our particulars, and when he heard them, remembered the _Dulcibella_’s previous visit.	Foi um porteiro educado, mas sonolento, que pediu de uma forma superficial para nossas informações, e quando ele as ouviu, lembrou da visita anterior do Dulcibella.
allow me to	79	"But think of the brutal inhumanity of these cowardly ruffians," he added, speaking of the guards; "they will not allow me to approach her!	"Mas pense na desumanidade brutal desses covardes rufiões", acrescentou, falando dos guardas, "eles não vão me permitir me aproximar dela!
to make me	79	"I do not press you," said I to him, "to make me the confidant of your secrets; but if I can be of use to you in any way, I gladly tender you my services." "Alas!" replied he, "I see not the slightest ray of hope.	"Eu não pressiono você", disse-lhe, "para me fazer o confidente de seus segredos, mas se eu posso ser útil para você de alguma forma, eu de bom grado lhe oferecer meus serviços." "Ai!" respondeu ele, "Eu não vejo o menor raio de esperança.
occurred to me	79	It occurred to me, even, to come to an understanding with them, in order to secure for the young man the privilege of conversing with his mistress, during the rest of the journey to Havre, without hindrance.	Ocorreu-me, mesmo, chegar a um entendimento com eles, a fim de garantir ao jovem o privilégio de conversar com sua amante, durante o resto da jornada para Havre, sem impedimentos.
was one of those	79	It was one of those unique situations of which others can never have experienced anything even approaching to similarity.	Foi uma daquelas situações únicas das quais outros nunca podem ter experimentado nada que se aproximasse da semelhança.
tell me that	79	"'Let the preacher who seeks the reformation of a sinner tell me that virtue is indispensably necessary, but not disguise its difficulty and its attendant denials.	"Que o pregador que busca a reforma de um pecador me diga que a virtude é indispensavelmente necessária, mas não disfarce sua dificuldade e suas negações.
but they are	79	The poor innocents!' added he; 'they really are most amiable creatures, both one and the other; but they are perhaps a little too much inclined to roguery.' "I could hardly contain my indignation at this speech.	Os pobres inocentes!" acrescentou ele, "eles realmente são criaturas muito amáveis, tanto um quanto o outro, mas eles talvez estejam um pouco inclinados demais para a desonestidade." "Eu dificilmente poderia conter minha indignação com este discurso.
don t think	79	“Don’t think I did this because I like you.	"Não pense que fiz isso porque gosto de você.
for more than	79	He gave me the name of a well-known man who has been buried for more than a quarter of a century, and showed me an ancient daguerreotype of that man in his prehistoric youth.	Ele me deu o nome de um homem bem conhecido que foi enterrado por mais de um quarto de século, e me mostrou um antigo daguerreótipo desse homem em sua juventude pré-histórica.
i have given	79	What do you think I have given you money for?” “Very well,” was the unmoved reply.	Por que acha que te dei dinheiro?" "Muito bem", foi a resposta impassível.
went to bed	79	Shortly after this I went to bed.	Pouco depois disso, fui para a cama.
an hour or	79	After half an hour or so, however, I was able once more to calmly review my chances of escape.	Depois de meia hora, no entanto, pude rever calmamente minhas chances de fuga.
one side and	79	They are the dark places of the earth, full of unimaginable cruelty, touching the Railway and the Telegraph on one side, and, on the other, the days of Harun-al-Raschid.	Eles são os lugares escuros da terra, cheios de crueldade inimaginável, tocando a ferrovia e o telégrafo de um lado, e, do outro, os dias de Harun-al-Raschid.
but i know	79	I’ve drilled the men and shown the people how to stack their oats better; and I’ve brought in those tinware rifles from Ghorband--but I know what you’re driving at.	Eu treinei os homens e mostrei ao povo como empilhar melhor a aveia, e eu trouxe aqueles rifles da Ghorband, mas eu sei o que você está dirigindo.
not a man	79	Billy Fish saunters round and gets as close to Daniel as he could, and behind him stood his twenty men with matchlocks--not a man of them under six feet.	Billy Fish ronda e chega o mais perto de Daniel que podia, e atrás dele estavam seus vinte homens com matchlocks - não um homem deles com menos de seis pés.
the dining room	79	He was the same—he was the same, and seen, this time, as he had been seen before, from the waist up, the window, though the dining room was on the ground floor, not going down to the terrace on which he stood.	Ele era o mesmo, e viu, desta vez, como ele tinha sido visto antes, da cintura para cima, a janela, embora a sala de jantar estava no piso térreo, não indo para o terraço em que ele estava.
up to him	79	Say that, by the dark prodigy I knew, the imagination of all evil _had_ been opened up to him: all the justice within me ached for the proof that it could ever have flowered into an act.	Diga que, pelo prodígio sombrio que eu conhecia, a imaginação de todo o mal tinha sido aberta a ele: toda a justiça dentro de mim estava ansiosa pela prova de que ela poderia ter se transformado em um ato.
had been taken	79	Instead of exposing his person and his legions to the arrows of the Parthians, he obtained, by an honorable treaty, the restitution of the standards and prisoners which had been taken in the defeat of Crassus.	Em vez de expor sua pessoa e suas legiões às flechas dos partos, ele obteve, por um tratado honroso, a restituição dos padrões e prisioneiros que haviam sido tomados na derrota de Crasso.
who had not	79	Considerable levies were regularly made among the provincials, who had not yet deserved the honorable distinction of Romans.	Taxas consideráveis eram feitas regularmente entre os provinciais, que ainda não mereciam a distinção honrosa de romanos.
have seen the	79	We have seen the Prætorians alone increased from 10,000 to 50,000 men.	Vimos os Pr ⁇ torianos sozinhos aumentarem de 10.000 para 50.000 homens.
you had better	79	“I think,” he said, “that you had better see Mr Vladimir.	"Eu acho", disse ele, "que é melhor você ver o Sr. Vladimir.
no one else	79	It was so true that, in a sudden longing to see some friendly face, she could think of no one else but of Mrs Neale, the charwoman.	Era tão verdade que, de repente, desejando ver um rosto amigável, ela não conseguia pensar em mais ninguém além da Sra. Neale, a charwoman.
we have not	79	We have not had a difference, not one, in thought or word or deed.	Não tivemos diferença, nem uma, em pensamentos, palavras ou ações.
had always been	78	"My only regret on quitting Amiens arose from parting with a friend, some years older than myself, to whom I had always been tenderly attached.	"Meu único arrependimento em deixar Amiens surgiu de me separar de um amigo, alguns anos mais velho que eu, a quem sempre fui carinhosamente ligado.
i should have been	78	If I had even taken counsel from his reproaches, when on the brink of that gulf into which my passions afterwards plunged me, I should have been spared the melancholy wreck of both fortune and reputation.	Se eu tivesse até mesmo tomado conselho de suas repreensões, quando à beira do abismo em que minhas paixões depois me mergulharam, eu teria sido poupado do melancólico naufrágio da fortuna e da reputação.
but you have	78	You know how to conquer, rapid enough; but you have yet to learn how to secure your conquests.' "I could no longer endure these remarks, every one of which struck a dagger to my heart.	Você sabe como conquistar, rápido o suficiente, mas você ainda tem que aprender a garantir suas conquistas. "Eu não poderia mais suportar essas observações, cada uma das quais atingiu um punhal no meu coração.
was too late	78	'I have spoken,' said he, 'to the lieutenant-general of police, but I was too late, M.	"Eu falei", disse ele, "ao tenente-general da polícia, mas eu estava muito atrasado, M.
hundred and fifty	78	"In possession of Manon and of twelve hundred and fifty francs, I was prouder and more contented than the richest voluptuary of Paris with untold treasures.	"Na posse de Manon e de mil e duzentos e cinq ⁇ enta francos, eu estava mais orgulhoso e mais contente do que o voluptuário mais rico de Paris com tesouros incalculáveis.
nothing at all	78	That night I learned nothing at all calculated to trouble my repose.	Naquela noite eu não aprendi nada calculado para perturbar meu repouso.
whom i have	78	You wish me to love you: this is the man whom I love, and whom I have sworn to love during my whole life: make the comparison yourself.	Você quer que eu te ame: este é o homem que eu amo, e que eu jurei amar durante toda a minha vida: faça a comparação você mesmo.
ought not to	78	there was yet time; I at least ought not to spare my own exertions, if I wished to avoid the bitter reproach of having contributed, by my own indolence, to my misery.	Eu pelo menos não deveria poupar meus próprios esforços, se eu quisesse evitar o amargo opróbrio de ter contribuído, por minha própria indolência, para minha miséria.
how can i	78	But how can I tell what the consequences would have been!	Mas como posso dizer quais seriam as consequências?
i have always	78	I have been thoughtless and volatile; and even while loving you as I have always done to distraction, I was never free from a consciousness of ingratitude.	Eu tenho sido insensível e volátil; e mesmo amando você como sempre fiz com a distração, eu nunca fui livre de uma consciência de ingratidão.
when you have	78	It is a pleasant spot when you have been here some years and eaten roast crow long enough.” I staggered, numbed and helpless, toward the fetid burrow allotted to me, and fell asleep.	É um lugar agradável quando você está aqui há alguns anos e comeu corvo assado por tempo suficiente. Eu cambaleei, entorpeci e desamparei, em direção à toca fetídea que me foi dada, e adormeci.
i did not know	78	He told me so before I killed him.” “But if you knew all this why didn’t you get out before?” “I did _not_ know it.	Ele me disse isso antes de eu matá-lo. "Mas se você sabia tudo isso, por que você não saiu antes?" "Eu não sabia.
he did not know	78	I looked at him, and wondering whether it were possible, that he did not know the originality, the power of the notion that had come in his way?	Olhei para ele, e me perguntei se era possível, que ele não sabia a originalidade, o poder da noção que tinha vindo em seu caminho?
not know that	78	I could indeed make up things for myself did I only know what Charlie did not know that he knew.	Eu poderia realmente inventar coisas para mim mesmo, eu só sabia o que Charlie não sabia que ele sabia.
could see that	78	He had been released from office, and by the look in his eyes I could see that he had come over for a long talk; most probably with poems in his pockets.	Ele tinha sido liberado do cargo, e pelo olhar em seus olhos eu podia ver que ele tinha vindo para uma longa conversa, provavelmente com poemas em seus bolsos.
beg your pardon	78	“I beg your pardon,” Charlie said, uneasily; “I didn’t know you had any one with you.” “I am going,” said Grish Chunder.	"Eu imploro seu perdão", disse Charlie, inquietante; "Eu não sabia que você tinha alguém com você." "Eu estou indo", disse Grish Chunder.
was too much	78	I slept little that night—I was too much excited; and this astonished me too, I recollect, remained with me, adding to my sense of the liberality with which I was treated.	Dormi pouco naquela noite, estava muito excitado, e isso me surpreendeu também, lembro-me, permaneceu comigo, aumentando meu senso de liberalidade com que fui tratado.
had been to	78	She didn’t know—no one knew—how proud I had been to serve him and to stick to our terms; yet she nonetheless took the measure, I think, of the warning I now gave her.	Ela não sabia - ninguém sabia - o quão orgulhosa eu tinha sido para servi-lo e manter nossos termos, mas ela, no entanto, tomou a medida, eu acho, do aviso que eu agora lhe dei.
i must say	78	Yet it isn’t either, I must say, as if I much needed to.	Mas também não é, devo dizer, como se eu precisasse.
passed through the	78	But in a period of three thousand years, the Phœnician alphabet received considerable alterations, as it passed through the hands of the Greeks and Romans.] 84 (return) [ Dion Cassius, lib.	Mas em um período de três mil anos, o alfabeto fenício recebeu alterações consideráveis, como passou pelas mãos dos gregos e romanos.
we are all	78	XXVI The will of nature may be learned from things upon which we are all agreed.	XXVI A vontade da natureza pode ser aprendida com coisas sobre as quais todos concordamos.
if you please	78	When you have fully considered all these things, approach, if you please—that is, if, by parting with them, you have a mind to purchase serenity, freedom, and tranquillity.	Quando você tiver considerado completamente todas essas coisas, aproxime-se, se quiser, isto é, se, ao se separar delas, você tiver uma mente para comprar serenidade, liberdade e tranquilidade.
would be no	78	A man would be no use, and a horrible nuisance.” He revealed these appalling truths with a cheerful assurance, which did nothing to hide a naïve apprehension of their effect on me.	Ele revelou essas verdades terríveis com uma garantia alegre, que não fez nada para esconder uma apreensão ingênua de seu efeito sobre mim.
let me see	78	Well, let me see, we went by Dordrecht to Rotterdam; nothing to see there, and swarms of tugs buzzing about and shaving one’s bows every second.	Bem, deixe-me ver, passamos por Dordrecht para Roterdã, nada para ver lá, e enxames de rebocadores zumbindo e raspando os arcos a cada segundo.
there are two	78	“There are two main points that I don’t understand,” I said.	"Há dois pontos principais que eu não entendo", eu disse.
if there was	78	If there was any value in our enterprise at all, official duty pales beside it.	Se houvesse algum valor em nosso empreendimento, o dever oficial fica ao lado dele.
as if it had	78	But she knew a way to make it as if it had not been.	Mas ela sabia como fazê-lo como se não tivesse sido.
i have found	78	This she taketh tenderly, and beareth home with joy, calling out, “Mother, mother”—if so be that her mother lives—“I have got a baby—I have found a child!” All the household gathers round to see;—“_Where is it?	Isso ela leva ternamente, e leva para casa com alegria, gritando: "Mãe, mãe" - se assim for que sua mãe vive - "Eu tenho um bebê - eu encontrei um filho!" Toda a casa se reúne para ver; "Onde está?
come into the	78	From the narrow desert, O man of pride, Come into the house, so high and wide.	Do deserto estreito, ó homem de orgulho, entra em casa, tão alto e largo.
you would not	78	Now I am sure that you would not be too proud to earn the price of a new dress, would you?’ He took a piece of white paper folded up out of his waistcoat pocket.	Agora tenho certeza que você não ficaria orgulhoso demais para ganhar o preço de um vestido novo, não é? Ele pegou um pedaço de papel branco dobrado do bolso do colete.
five or six	77	Having taken the road by Evreux, where I slept the first night, I on the following day, about dinner-time, reached Passy, a distance of five or six leagues.	Tendo tomado a estrada por Evreux, onde dormi na primeira noite, no dia seguinte, por volta da hora do jantar, cheguei a Passy, uma distância de cinco ou seis léguas.
over and over	77	Over and over again did he represent to me the injury I was inflicting upon my conscience, my honour, and my fortune.	Repetidas vezes ele me representou o dano que eu estava infligindo à minha consciência, minha honra e minha fortuna.
came up to	77	He came up to the apartment, still accompanied by the guard.	Ele veio até o apartamento, ainda acompanhado pelo guarda.
if you like	77	If you like, we will pass a vote of thanks.	Se você quiser, vamos passar um voto de agradecimento.
looked up at	77	Great Powers above--I looked up at them through the fog smoke--did the Lords of Life and Death know what this meant to me?	Grandes Potências lá em cima - eu olhei para eles através da fumaça da névoa - os Senhores da Vida e da Morte sabiam o que isso significava para mim?
none of them	77	There were shrubberies and big trees, but I remember the clear assurance I felt that none of them concealed him.	Havia arbustos e árvores grandes, mas lembro-me da certeza clara que senti que nenhum deles o escondeu.
how can you	77	“How can you be sure?” This drew from me, in the state of my nerves, a flash of impatience.	"Como pode ter certeza?" Isso me tirou, no estado de meus nervos, um flash de impaciência.
to go back	77	He can’t send you back—” “Oh, I don’t want to go back!” he broke in.	Ele não pode te mandar de volta. "Oh, eu não quero voltar!", ele invadiu.
i can only	77	He sat down at the old piano and played as he had never played; and if there are those who think he had better have been kicking a football I can only say that I wholly agree with them.	Ele sentou-se ao piano velho e tocou como nunca tinha tocado; e se há aqueles que pensam que é melhor que ele estivesse chutando uma bola de futebol, só posso dizer que concordo totalmente com eles.
